{
  "dataset_revision": "main",
  "task_name": "ArguAnaTR",
  "mteb_version": "1.31.3",
  "scores": {
    "test": [
      {
        "ndcg_at_1": 0.22475,
        "ndcg_at_3": 0.3491,
        "ndcg_at_5": 0.4003,
        "ndcg_at_10": 0.45412,
        "ndcg_at_20": 0.48668,
        "ndcg_at_100": 0.50749,
        "ndcg_at_1000": 0.51141,
        "map_at_1": 0.22475,
        "map_at_3": 0.31792,
        "map_at_5": 0.34612,
        "map_at_10": 0.36847,
        "map_at_20": 0.3776,
        "map_at_100": 0.38076,
        "map_at_1000": 0.38092,
        "recall_at_1": 0.22475,
        "recall_at_3": 0.43954,
        "recall_at_5": 0.56472,
        "recall_at_10": 0.73044,
        "recall_at_20": 0.85775,
        "recall_at_100": 0.96586,
        "recall_at_1000": 0.99573,
        "precision_at_1": 0.22475,
        "precision_at_3": 0.14651,
        "precision_at_5": 0.11294,
        "precision_at_10": 0.07304,
        "precision_at_20": 0.04289,
        "precision_at_100": 0.00966,
        "precision_at_1000": 0.001,
        "mrr_at_1": 0.225462,
        "mrr_at_3": 0.317686,
        "mrr_at_5": 0.346242,
        "mrr_at_10": 0.369044,
        "mrr_at_20": 0.377963,
        "mrr_at_100": 0.381122,
        "mrr_at_1000": 0.381285,
        "nauc_ndcg_at_1_max": -0.069937,
        "nauc_ndcg_at_1_std": -0.099669,
        "nauc_ndcg_at_1_diff1": 0.110053,
        "nauc_ndcg_at_3_max": -0.037036,
        "nauc_ndcg_at_3_std": -0.096816,
        "nauc_ndcg_at_3_diff1": 0.067299,
        "nauc_ndcg_at_5_max": -0.031074,
        "nauc_ndcg_at_5_std": -0.090831,
        "nauc_ndcg_at_5_diff1": 0.048955,
        "nauc_ndcg_at_10_max": -0.006823,
        "nauc_ndcg_at_10_std": -0.085102,
        "nauc_ndcg_at_10_diff1": 0.062268,
        "nauc_ndcg_at_20_max": 0.001755,
        "nauc_ndcg_at_20_std": -0.075591,
        "nauc_ndcg_at_20_diff1": 0.068067,
        "nauc_ndcg_at_100_max": -0.016483,
        "nauc_ndcg_at_100_std": -0.074433,
        "nauc_ndcg_at_100_diff1": 0.06461,
        "nauc_ndcg_at_1000_max": -0.022204,
        "nauc_ndcg_at_1000_std": -0.083646,
        "nauc_ndcg_at_1000_diff1": 0.067286,
        "nauc_map_at_1_max": -0.069937,
        "nauc_map_at_1_std": -0.099669,
        "nauc_map_at_1_diff1": 0.110053,
        "nauc_map_at_3_max": -0.044748,
        "nauc_map_at_3_std": -0.099686,
        "nauc_map_at_3_diff1": 0.075928,
        "nauc_map_at_5_max": -0.041818,
        "nauc_map_at_5_std": -0.096639,
        "nauc_map_at_5_diff1": 0.065624,
        "nauc_map_at_10_max": -0.033274,
        "nauc_map_at_10_std": -0.09418,
        "nauc_map_at_10_diff1": 0.07094,
        "nauc_map_at_20_max": -0.031552,
        "nauc_map_at_20_std": -0.091976,
        "nauc_map_at_20_diff1": 0.072728,
        "nauc_map_at_100_max": -0.034005,
        "nauc_map_at_100_std": -0.091902,
        "nauc_map_at_100_diff1": 0.072168,
        "nauc_map_at_1000_max": -0.034207,
        "nauc_map_at_1000_std": -0.092191,
        "nauc_map_at_1000_diff1": 0.072234,
        "nauc_recall_at_1_max": -0.069937,
        "nauc_recall_at_1_std": -0.099669,
        "nauc_recall_at_1_diff1": 0.110053,
        "nauc_recall_at_3_max": -0.016349,
        "nauc_recall_at_3_std": -0.088325,
        "nauc_recall_at_3_diff1": 0.044656,
        "nauc_recall_at_5_max": 0.000941,
        "nauc_recall_at_5_std": -0.072146,
        "nauc_recall_at_5_diff1": -0.000683,
        "nauc_recall_at_10_max": 0.110715,
        "nauc_recall_at_10_std": -0.045831,
        "nauc_recall_at_10_diff1": 0.03557,
        "nauc_recall_at_20_max": 0.260036,
        "nauc_recall_at_20_std": 0.055745,
        "nauc_recall_at_20_diff1": 0.058679,
        "nauc_recall_at_100_max": 0.315147,
        "nauc_recall_at_100_std": 0.481159,
        "nauc_recall_at_100_diff1": -0.084289,
        "nauc_recall_at_1000_max": 0.081491,
        "nauc_recall_at_1000_std": 0.192887,
        "nauc_recall_at_1000_diff1": 0.147968,
        "nauc_precision_at_1_max": -0.069937,
        "nauc_precision_at_1_std": -0.099669,
        "nauc_precision_at_1_diff1": 0.110053,
        "nauc_precision_at_3_max": -0.016349,
        "nauc_precision_at_3_std": -0.088325,
        "nauc_precision_at_3_diff1": 0.044656,
        "nauc_precision_at_5_max": 0.000941,
        "nauc_precision_at_5_std": -0.072146,
        "nauc_precision_at_5_diff1": -0.000683,
        "nauc_precision_at_10_max": 0.110715,
        "nauc_precision_at_10_std": -0.045831,
        "nauc_precision_at_10_diff1": 0.03557,
        "nauc_precision_at_20_max": 0.260036,
        "nauc_precision_at_20_std": 0.055745,
        "nauc_precision_at_20_diff1": 0.058679,
        "nauc_precision_at_100_max": 0.315147,
        "nauc_precision_at_100_std": 0.481159,
        "nauc_precision_at_100_diff1": -0.084289,
        "nauc_precision_at_1000_max": 0.081491,
        "nauc_precision_at_1000_std": 0.192887,
        "nauc_precision_at_1000_diff1": 0.147968,
        "nauc_mrr_at_1_max": -0.070133,
        "nauc_mrr_at_1_std": -0.10123,
        "nauc_mrr_at_1_diff1": 0.107564,
        "nauc_mrr_at_3_max": -0.050609,
        "nauc_mrr_at_3_std": -0.100178,
        "nauc_mrr_at_3_diff1": 0.069041,
        "nauc_mrr_at_5_max": -0.046523,
        "nauc_mrr_at_5_std": -0.097468,
        "nauc_mrr_at_5_diff1": 0.059801,
        "nauc_mrr_at_10_max": -0.03739,
        "nauc_mrr_at_10_std": -0.094584,
        "nauc_mrr_at_10_diff1": 0.06554,
        "nauc_mrr_at_20_max": -0.035428,
        "nauc_mrr_at_20_std": -0.092237,
        "nauc_mrr_at_20_diff1": 0.06768,
        "nauc_mrr_at_100_max": -0.037921,
        "nauc_mrr_at_100_std": -0.092166,
        "nauc_mrr_at_100_diff1": 0.067071,
        "nauc_mrr_at_1000_max": -0.038126,
        "nauc_mrr_at_1000_std": -0.092455,
        "nauc_mrr_at_1000_diff1": 0.067134,
        "main_score": 0.45412,
        "hf_subset": "default",
        "languages": [
          "tur-Latn"
        ]
      }
    ]
  },
  "evaluation_time": 427.44801783561707,
  "kg_co2_emissions": null
}