{
  "dataset_revision": "main",
  "task_name": "CQADupstackGamingRetrievalTR",
  "mteb_version": "1.31.3",
  "scores": {
    "test": [
      {
        "ndcg_at_1": 0.38799,
        "ndcg_at_3": 0.46196,
        "ndcg_at_5": 0.48502,
        "ndcg_at_10": 0.51227,
        "ndcg_at_20": 0.53181,
        "ndcg_at_100": 0.55546,
        "ndcg_at_1000": 0.57139,
        "map_at_1": 0.38799,
        "map_at_3": 0.44411,
        "map_at_5": 0.45689,
        "map_at_10": 0.46826,
        "map_at_20": 0.47367,
        "map_at_100": 0.47694,
        "map_at_1000": 0.47748,
        "recall_at_1": 0.38799,
        "recall_at_3": 0.5135,
        "recall_at_5": 0.5695,
        "recall_at_10": 0.65317,
        "recall_at_20": 0.73009,
        "recall_at_100": 0.85762,
        "recall_at_1000": 0.9865,
        "precision_at_1": 0.38799,
        "precision_at_3": 0.17117,
        "precision_at_5": 0.1139,
        "precision_at_10": 0.06532,
        "precision_at_20": 0.0365,
        "precision_at_100": 0.00858,
        "precision_at_1000": 0.00099,
        "mrr_at_1": 0.387989,
        "mrr_at_3": 0.444107,
        "mrr_at_5": 0.456894,
        "mrr_at_10": 0.468265,
        "mrr_at_20": 0.473669,
        "mrr_at_100": 0.476943,
        "mrr_at_1000": 0.47748,
        "nauc_ndcg_at_1_max": 0.445821,
        "nauc_ndcg_at_1_std": -0.078125,
        "nauc_ndcg_at_1_diff1": 0.696461,
        "nauc_ndcg_at_3_max": 0.424804,
        "nauc_ndcg_at_3_std": -0.087227,
        "nauc_ndcg_at_3_diff1": 0.637087,
        "nauc_ndcg_at_5_max": 0.426633,
        "nauc_ndcg_at_5_std": -0.083169,
        "nauc_ndcg_at_5_diff1": 0.624354,
        "nauc_ndcg_at_10_max": 0.431713,
        "nauc_ndcg_at_10_std": -0.072233,
        "nauc_ndcg_at_10_diff1": 0.61127,
        "nauc_ndcg_at_20_max": 0.423161,
        "nauc_ndcg_at_20_std": -0.073859,
        "nauc_ndcg_at_20_diff1": 0.607283,
        "nauc_ndcg_at_100_max": 0.427646,
        "nauc_ndcg_at_100_std": -0.069077,
        "nauc_ndcg_at_100_diff1": 0.614988,
        "nauc_ndcg_at_1000_max": 0.430091,
        "nauc_ndcg_at_1000_std": -0.071655,
        "nauc_ndcg_at_1000_diff1": 0.623798,
        "nauc_map_at_1_max": 0.445821,
        "nauc_map_at_1_std": -0.078125,
        "nauc_map_at_1_diff1": 0.696461,
        "nauc_map_at_3_max": 0.430634,
        "nauc_map_at_3_std": -0.084539,
        "nauc_map_at_3_diff1": 0.651717,
        "nauc_map_at_5_max": 0.431662,
        "nauc_map_at_5_std": -0.082497,
        "nauc_map_at_5_diff1": 0.64502,
        "nauc_map_at_10_max": 0.433825,
        "nauc_map_at_10_std": -0.078289,
        "nauc_map_at_10_diff1": 0.639974,
        "nauc_map_at_20_max": 0.431624,
        "nauc_map_at_20_std": -0.07857,
        "nauc_map_at_20_diff1": 0.639038,
        "nauc_map_at_100_max": 0.432166,
        "nauc_map_at_100_std": -0.078227,
        "nauc_map_at_100_diff1": 0.640216,
        "nauc_map_at_1000_max": 0.432297,
        "nauc_map_at_1000_std": -0.078194,
        "nauc_map_at_1000_diff1": 0.640516,
        "nauc_recall_at_1_max": 0.445821,
        "nauc_recall_at_1_std": -0.078125,
        "nauc_recall_at_1_diff1": 0.696461,
        "nauc_recall_at_3_max": 0.407266,
        "nauc_recall_at_3_std": -0.095374,
        "nauc_recall_at_3_diff1": 0.593759,
        "nauc_recall_at_5_max": 0.411078,
        "nauc_recall_at_5_std": -0.08455,
        "nauc_recall_at_5_diff1": 0.558177,
        "nauc_recall_at_10_max": 0.426673,
        "nauc_recall_at_10_std": -0.044569,
        "nauc_recall_at_10_diff1": 0.502916,
        "nauc_recall_at_20_max": 0.380611,
        "nauc_recall_at_20_std": -0.049562,
        "nauc_recall_at_20_diff1": 0.461989,
        "nauc_recall_at_100_max": 0.404748,
        "nauc_recall_at_100_std": 0.031841,
        "nauc_recall_at_100_diff1": 0.446141,
        "nauc_recall_at_1000_max": 0.531933,
        "nauc_recall_at_1000_std": 0.32947,
        "nauc_recall_at_1000_diff1": 0.389817,
        "nauc_precision_at_1_max": 0.445821,
        "nauc_precision_at_1_std": -0.078125,
        "nauc_precision_at_1_diff1": 0.696461,
        "nauc_precision_at_3_max": 0.407266,
        "nauc_precision_at_3_std": -0.095374,
        "nauc_precision_at_3_diff1": 0.593759,
        "nauc_precision_at_5_max": 0.411078,
        "nauc_precision_at_5_std": -0.08455,
        "nauc_precision_at_5_diff1": 0.558177,
        "nauc_precision_at_10_max": 0.426673,
        "nauc_precision_at_10_std": -0.044569,
        "nauc_precision_at_10_diff1": 0.502916,
        "nauc_precision_at_20_max": 0.380611,
        "nauc_precision_at_20_std": -0.049562,
        "nauc_precision_at_20_diff1": 0.461989,
        "nauc_precision_at_100_max": 0.404748,
        "nauc_precision_at_100_std": 0.031841,
        "nauc_precision_at_100_diff1": 0.446141,
        "nauc_precision_at_1000_max": 0.531933,
        "nauc_precision_at_1000_std": 0.32947,
        "nauc_precision_at_1000_diff1": 0.389817,
        "nauc_mrr_at_1_max": 0.445821,
        "nauc_mrr_at_1_std": -0.078125,
        "nauc_mrr_at_1_diff1": 0.696461,
        "nauc_mrr_at_3_max": 0.430634,
        "nauc_mrr_at_3_std": -0.084539,
        "nauc_mrr_at_3_diff1": 0.651717,
        "nauc_mrr_at_5_max": 0.431662,
        "nauc_mrr_at_5_std": -0.082497,
        "nauc_mrr_at_5_diff1": 0.64502,
        "nauc_mrr_at_10_max": 0.433825,
        "nauc_mrr_at_10_std": -0.078289,
        "nauc_mrr_at_10_diff1": 0.639974,
        "nauc_mrr_at_20_max": 0.431624,
        "nauc_mrr_at_20_std": -0.07857,
        "nauc_mrr_at_20_diff1": 0.639038,
        "nauc_mrr_at_100_max": 0.432166,
        "nauc_mrr_at_100_std": -0.078227,
        "nauc_mrr_at_100_diff1": 0.640216,
        "nauc_mrr_at_1000_max": 0.432297,
        "nauc_mrr_at_1000_std": -0.078194,
        "nauc_mrr_at_1000_diff1": 0.640516,
        "main_score": 0.51227,
        "hf_subset": "default",
        "languages": [
          "tur-Latn"
        ]
      }
    ]
  },
  "evaluation_time": 92.08531618118286,
  "kg_co2_emissions": null
}