{
  "dataset_revision": "main",
  "task_name": "FiQA2018TR",
  "mteb_version": "1.31.3",
  "scores": {
    "test": [
      {
        "ndcg_at_1": 0.28549,
        "ndcg_at_3": 0.38797,
        "ndcg_at_5": 0.42875,
        "ndcg_at_10": 0.45191,
        "ndcg_at_20": 0.4752,
        "ndcg_at_100": 0.50476,
        "ndcg_at_1000": 0.51885,
        "map_at_1": 0.28549,
        "map_at_3": 0.36214,
        "map_at_5": 0.38483,
        "map_at_10": 0.39451,
        "map_at_20": 0.40084,
        "map_at_100": 0.40471,
        "map_at_1000": 0.40526,
        "recall_at_1": 0.28549,
        "recall_at_3": 0.46296,
        "recall_at_5": 0.56173,
        "recall_at_10": 0.63272,
        "recall_at_20": 0.72531,
        "recall_at_100": 0.88735,
        "recall_at_1000": 0.99691,
        "precision_at_1": 0.28549,
        "precision_at_3": 0.15432,
        "precision_at_5": 0.11235,
        "precision_at_10": 0.06327,
        "precision_at_20": 0.03627,
        "precision_at_100": 0.00887,
        "precision_at_1000": 0.001,
        "mrr_at_1": 0.285494,
        "mrr_at_3": 0.36214,
        "mrr_at_5": 0.384825,
        "mrr_at_10": 0.39451,
        "mrr_at_20": 0.400837,
        "mrr_at_100": 0.404714,
        "mrr_at_1000": 0.405262,
        "nauc_ndcg_at_1_max": 0.159305,
        "nauc_ndcg_at_1_std": -0.09673,
        "nauc_ndcg_at_1_diff1": 0.383864,
        "nauc_ndcg_at_3_max": 0.209447,
        "nauc_ndcg_at_3_std": -0.110221,
        "nauc_ndcg_at_3_diff1": 0.358312,
        "nauc_ndcg_at_5_max": 0.224114,
        "nauc_ndcg_at_5_std": -0.097981,
        "nauc_ndcg_at_5_diff1": 0.347932,
        "nauc_ndcg_at_10_max": 0.22858,
        "nauc_ndcg_at_10_std": -0.093978,
        "nauc_ndcg_at_10_diff1": 0.347115,
        "nauc_ndcg_at_20_max": 0.247301,
        "nauc_ndcg_at_20_std": -0.076977,
        "nauc_ndcg_at_20_diff1": 0.349395,
        "nauc_ndcg_at_100_max": 0.245491,
        "nauc_ndcg_at_100_std": -0.072459,
        "nauc_ndcg_at_100_diff1": 0.350439,
        "nauc_ndcg_at_1000_max": 0.227483,
        "nauc_ndcg_at_1000_std": -0.086591,
        "nauc_ndcg_at_1000_diff1": 0.353189,
        "nauc_map_at_1_max": 0.159305,
        "nauc_map_at_1_std": -0.09673,
        "nauc_map_at_1_diff1": 0.383864,
        "nauc_map_at_3_max": 0.196062,
        "nauc_map_at_3_std": -0.108258,
        "nauc_map_at_3_diff1": 0.364856,
        "nauc_map_at_5_max": 0.204141,
        "nauc_map_at_5_std": -0.100586,
        "nauc_map_at_5_diff1": 0.358979,
        "nauc_map_at_10_max": 0.20645,
        "nauc_map_at_10_std": -0.098612,
        "nauc_map_at_10_diff1": 0.35904,
        "nauc_map_at_20_max": 0.210762,
        "nauc_map_at_20_std": -0.094707,
        "nauc_map_at_20_diff1": 0.359783,
        "nauc_map_at_100_max": 0.2103,
        "nauc_map_at_100_std": -0.094685,
        "nauc_map_at_100_diff1": 0.360224,
        "nauc_map_at_1000_max": 0.209684,
        "nauc_map_at_1000_std": -0.095077,
        "nauc_map_at_1000_diff1": 0.360278,
        "nauc_recall_at_1_max": 0.159305,
        "nauc_recall_at_1_std": -0.09673,
        "nauc_recall_at_1_diff1": 0.383864,
        "nauc_recall_at_3_max": 0.247907,
        "nauc_recall_at_3_std": -0.11528,
        "nauc_recall_at_3_diff1": 0.339608,
        "nauc_recall_at_5_max": 0.286709,
        "nauc_recall_at_5_std": -0.088932,
        "nauc_recall_at_5_diff1": 0.313306,
        "nauc_recall_at_10_max": 0.304127,
        "nauc_recall_at_10_std": -0.076648,
        "nauc_recall_at_10_diff1": 0.305253,
        "nauc_recall_at_20_max": 0.420876,
        "nauc_recall_at_20_std": 0.019418,
        "nauc_recall_at_20_diff1": 0.307307,
        "nauc_recall_at_100_max": 0.597155,
        "nauc_recall_at_100_std": 0.212924,
        "nauc_recall_at_100_diff1": 0.26715,
        "nauc_recall_at_1000_max": 0.122873,
        "nauc_recall_at_1000_std": -0.220782,
        "nauc_recall_at_1000_diff1": -0.396348,
        "nauc_precision_at_1_max": 0.159305,
        "nauc_precision_at_1_std": -0.09673,
        "nauc_precision_at_1_diff1": 0.383864,
        "nauc_precision_at_3_max": 0.247907,
        "nauc_precision_at_3_std": -0.11528,
        "nauc_precision_at_3_diff1": 0.339608,
        "nauc_precision_at_5_max": 0.286709,
        "nauc_precision_at_5_std": -0.088932,
        "nauc_precision_at_5_diff1": 0.313306,
        "nauc_precision_at_10_max": 0.304127,
        "nauc_precision_at_10_std": -0.076648,
        "nauc_precision_at_10_diff1": 0.305253,
        "nauc_precision_at_20_max": 0.420876,
        "nauc_precision_at_20_std": 0.019418,
        "nauc_precision_at_20_diff1": 0.307307,
        "nauc_precision_at_100_max": 0.597155,
        "nauc_precision_at_100_std": 0.212924,
        "nauc_precision_at_100_diff1": 0.26715,
        "nauc_precision_at_1000_max": 0.122873,
        "nauc_precision_at_1000_std": -0.220782,
        "nauc_precision_at_1000_diff1": -0.396348,
        "nauc_mrr_at_1_max": 0.159305,
        "nauc_mrr_at_1_std": -0.09673,
        "nauc_mrr_at_1_diff1": 0.383864,
        "nauc_mrr_at_3_max": 0.196062,
        "nauc_mrr_at_3_std": -0.108258,
        "nauc_mrr_at_3_diff1": 0.364856,
        "nauc_mrr_at_5_max": 0.204141,
        "nauc_mrr_at_5_std": -0.100586,
        "nauc_mrr_at_5_diff1": 0.358979,
        "nauc_mrr_at_10_max": 0.20645,
        "nauc_mrr_at_10_std": -0.098612,
        "nauc_mrr_at_10_diff1": 0.35904,
        "nauc_mrr_at_20_max": 0.210762,
        "nauc_mrr_at_20_std": -0.094707,
        "nauc_mrr_at_20_diff1": 0.359783,
        "nauc_mrr_at_100_max": 0.2103,
        "nauc_mrr_at_100_std": -0.094685,
        "nauc_mrr_at_100_diff1": 0.360224,
        "nauc_mrr_at_1000_max": 0.209684,
        "nauc_mrr_at_1000_std": -0.095077,
        "nauc_mrr_at_1000_diff1": 0.360278,
        "main_score": 0.45191,
        "hf_subset": "default",
        "languages": [
          "tur-Latn"
        ]
      }
    ]
  },
  "evaluation_time": 78.13712882995605,
  "kg_co2_emissions": null
}