{
  "dataset_revision": "main",
  "task_name": "MSMarcoTRRetrieval",
  "mteb_version": "1.31.3",
  "scores": {
    "test": [
      {
        "ndcg_at_1": 0.55306,
        "ndcg_at_3": 0.56932,
        "ndcg_at_5": 0.57181,
        "ndcg_at_10": 0.57374,
        "ndcg_at_20": 0.57526,
        "ndcg_at_100": 0.57562,
        "ndcg_at_1000": 0.57581,
        "map_at_1": 0.55306,
        "map_at_3": 0.56561,
        "map_at_5": 0.56703,
        "map_at_10": 0.56784,
        "map_at_20": 0.56828,
        "map_at_100": 0.56833,
        "map_at_1000": 0.56834,
        "recall_at_1": 0.55306,
        "recall_at_3": 0.57995,
        "recall_at_5": 0.58582,
        "recall_at_10": 0.59169,
        "recall_at_20": 0.59756,
        "recall_at_100": 0.59951,
        "recall_at_1000": 0.60098,
        "precision_at_1": 0.55306,
        "precision_at_3": 0.19332,
        "precision_at_5": 0.11716,
        "precision_at_10": 0.05917,
        "precision_at_20": 0.02988,
        "precision_at_100": 0.006,
        "precision_at_1000": 0.0006,
        "mrr_at_1": 0.553056,
        "mrr_at_3": 0.565607,
        "mrr_at_5": 0.567025,
        "mrr_at_10": 0.567844,
        "mrr_at_20": 0.568281,
        "mrr_at_100": 0.568327,
        "mrr_at_1000": 0.568336,
        "nauc_ndcg_at_1_max": 0.864645,
        "nauc_ndcg_at_1_std": 0.139496,
        "nauc_ndcg_at_1_diff1": 0.873514,
        "nauc_ndcg_at_3_max": 0.874062,
        "nauc_ndcg_at_3_std": 0.151124,
        "nauc_ndcg_at_3_diff1": 0.859353,
        "nauc_ndcg_at_5_max": 0.8724,
        "nauc_ndcg_at_5_std": 0.156889,
        "nauc_ndcg_at_5_diff1": 0.855779,
        "nauc_ndcg_at_10_max": 0.870394,
        "nauc_ndcg_at_10_std": 0.160004,
        "nauc_ndcg_at_10_diff1": 0.853044,
        "nauc_ndcg_at_20_max": 0.868028,
        "nauc_ndcg_at_20_std": 0.162677,
        "nauc_ndcg_at_20_diff1": 0.850753,
        "nauc_ndcg_at_100_max": 0.86772,
        "nauc_ndcg_at_100_std": 0.163186,
        "nauc_ndcg_at_100_diff1": 0.850245,
        "nauc_ndcg_at_1000_max": 0.867591,
        "nauc_ndcg_at_1000_std": 0.16345,
        "nauc_ndcg_at_1000_diff1": 0.850127,
        "nauc_map_at_1_max": 0.864645,
        "nauc_map_at_1_std": 0.139496,
        "nauc_map_at_1_diff1": 0.873514,
        "nauc_map_at_3_max": 0.872193,
        "nauc_map_at_3_std": 0.148568,
        "nauc_map_at_3_diff1": 0.862699,
        "nauc_map_at_5_max": 0.871255,
        "nauc_map_at_5_std": 0.151838,
        "nauc_map_at_5_diff1": 0.86067,
        "nauc_map_at_10_max": 0.870407,
        "nauc_map_at_10_std": 0.153122,
        "nauc_map_at_10_diff1": 0.859543,
        "nauc_map_at_20_max": 0.86975,
        "nauc_map_at_20_std": 0.153956,
        "nauc_map_at_20_diff1": 0.858907,
        "nauc_map_at_100_max": 0.869717,
        "nauc_map_at_100_std": 0.15402,
        "nauc_map_at_100_diff1": 0.858844,
        "nauc_map_at_1000_max": 0.869713,
        "nauc_map_at_1000_std": 0.154041,
        "nauc_map_at_1000_diff1": 0.858838,
        "nauc_recall_at_1_max": 0.864645,
        "nauc_recall_at_1_std": 0.139496,
        "nauc_recall_at_1_diff1": 0.873514,
        "nauc_recall_at_3_max": 0.879356,
        "nauc_recall_at_3_std": 0.158499,
        "nauc_recall_at_3_diff1": 0.849595,
        "nauc_recall_at_5_max": 0.875372,
        "nauc_recall_at_5_std": 0.172375,
        "nauc_recall_at_5_diff1": 0.840975,
        "nauc_recall_at_10_max": 0.869195,
        "nauc_recall_at_10_std": 0.18224,
        "nauc_recall_at_10_diff1": 0.832309,
        "nauc_recall_at_20_max": 0.859697,
        "nauc_recall_at_20_std": 0.192379,
        "nauc_recall_at_20_diff1": 0.822998,
        "nauc_recall_at_100_max": 0.857824,
        "nauc_recall_at_100_std": 0.195306,
        "nauc_recall_at_100_diff1": 0.820019,
        "nauc_recall_at_1000_max": 0.856747,
        "nauc_recall_at_1000_std": 0.197039,
        "nauc_recall_at_1000_diff1": 0.819084,
        "nauc_precision_at_1_max": 0.864645,
        "nauc_precision_at_1_std": 0.139496,
        "nauc_precision_at_1_diff1": 0.873514,
        "nauc_precision_at_3_max": 0.879356,
        "nauc_precision_at_3_std": 0.158499,
        "nauc_precision_at_3_diff1": 0.849595,
        "nauc_precision_at_5_max": 0.875372,
        "nauc_precision_at_5_std": 0.172375,
        "nauc_precision_at_5_diff1": 0.840975,
        "nauc_precision_at_10_max": 0.869195,
        "nauc_precision_at_10_std": 0.18224,
        "nauc_precision_at_10_diff1": 0.832309,
        "nauc_precision_at_20_max": 0.859697,
        "nauc_precision_at_20_std": 0.192379,
        "nauc_precision_at_20_diff1": 0.822998,
        "nauc_precision_at_100_max": 0.857824,
        "nauc_precision_at_100_std": 0.195306,
        "nauc_precision_at_100_diff1": 0.820019,
        "nauc_precision_at_1000_max": 0.856747,
        "nauc_precision_at_1000_std": 0.197039,
        "nauc_precision_at_1000_diff1": 0.819084,
        "nauc_mrr_at_1_max": 0.864645,
        "nauc_mrr_at_1_std": 0.139496,
        "nauc_mrr_at_1_diff1": 0.873514,
        "nauc_mrr_at_3_max": 0.872193,
        "nauc_mrr_at_3_std": 0.148568,
        "nauc_mrr_at_3_diff1": 0.862699,
        "nauc_mrr_at_5_max": 0.871255,
        "nauc_mrr_at_5_std": 0.151838,
        "nauc_mrr_at_5_diff1": 0.86067,
        "nauc_mrr_at_10_max": 0.870407,
        "nauc_mrr_at_10_std": 0.153122,
        "nauc_mrr_at_10_diff1": 0.859543,
        "nauc_mrr_at_20_max": 0.86975,
        "nauc_mrr_at_20_std": 0.153956,
        "nauc_mrr_at_20_diff1": 0.858907,
        "nauc_mrr_at_100_max": 0.869717,
        "nauc_mrr_at_100_std": 0.15402,
        "nauc_mrr_at_100_diff1": 0.858844,
        "nauc_mrr_at_1000_max": 0.869713,
        "nauc_mrr_at_1000_std": 0.154041,
        "nauc_mrr_at_1000_diff1": 0.858838,
        "main_score": 0.57374,
        "hf_subset": "default",
        "languages": [
          "tur-Latn"
        ]
      }
    ]
  },
  "evaluation_time": 39.93775486946106,
  "kg_co2_emissions": null
}