{
  "dataset_revision": "main",
  "task_name": "NFCorpusTR",
  "mteb_version": "1.31.3",
  "scores": {
    "test": [
      {
        "ndcg_at_1": 0.06299,
        "ndcg_at_3": 0.0838,
        "ndcg_at_5": 0.09311,
        "ndcg_at_10": 0.10675,
        "ndcg_at_20": 0.12899,
        "ndcg_at_100": 0.17271,
        "ndcg_at_1000": 0.22768,
        "map_at_1": 0.06299,
        "map_at_3": 0.07874,
        "map_at_5": 0.08366,
        "map_at_10": 0.08907,
        "map_at_20": 0.09484,
        "map_at_100": 0.10085,
        "map_at_1000": 0.10259,
        "recall_at_1": 0.06299,
        "recall_at_3": 0.09843,
        "recall_at_5": 0.12205,
        "recall_at_10": 0.16535,
        "recall_at_20": 0.25591,
        "recall_at_100": 0.49213,
        "recall_at_1000": 0.94488,
        "precision_at_1": 0.06299,
        "precision_at_3": 0.03281,
        "precision_at_5": 0.02441,
        "precision_at_10": 0.01654,
        "precision_at_20": 0.0128,
        "precision_at_100": 0.00492,
        "precision_at_1000": 0.00094,
        "mrr_at_1": 0.062992,
        "mrr_at_3": 0.078084,
        "mrr_at_5": 0.083005,
        "mrr_at_10": 0.088417,
        "mrr_at_20": 0.094179,
        "mrr_at_100": 0.100196,
        "mrr_at_1000": 0.101936,
        "nauc_ndcg_at_1_max": 0.390576,
        "nauc_ndcg_at_1_std": 0.271192,
        "nauc_ndcg_at_1_diff1": 0.37766,
        "nauc_ndcg_at_3_max": 0.379575,
        "nauc_ndcg_at_3_std": 0.280089,
        "nauc_ndcg_at_3_diff1": 0.269864,
        "nauc_ndcg_at_5_max": 0.36672,
        "nauc_ndcg_at_5_std": 0.256996,
        "nauc_ndcg_at_5_diff1": 0.2459,
        "nauc_ndcg_at_10_max": 0.358594,
        "nauc_ndcg_at_10_std": 0.259856,
        "nauc_ndcg_at_10_diff1": 0.257044,
        "nauc_ndcg_at_20_max": 0.346438,
        "nauc_ndcg_at_20_std": 0.272478,
        "nauc_ndcg_at_20_diff1": 0.207992,
        "nauc_ndcg_at_100_max": 0.366316,
        "nauc_ndcg_at_100_std": 0.303858,
        "nauc_ndcg_at_100_diff1": 0.188981,
        "nauc_ndcg_at_1000_max": 0.375941,
        "nauc_ndcg_at_1000_std": 0.299889,
        "nauc_ndcg_at_1000_diff1": 0.224274,
        "nauc_map_at_1_max": 0.390576,
        "nauc_map_at_1_std": 0.271192,
        "nauc_map_at_1_diff1": 0.37766,
        "nauc_map_at_3_max": 0.379829,
        "nauc_map_at_3_std": 0.275733,
        "nauc_map_at_3_diff1": 0.292971,
        "nauc_map_at_5_max": 0.372625,
        "nauc_map_at_5_std": 0.26215,
        "nauc_map_at_5_diff1": 0.278363,
        "nauc_map_at_10_max": 0.368849,
        "nauc_map_at_10_std": 0.262628,
        "nauc_map_at_10_diff1": 0.28353,
        "nauc_map_at_20_max": 0.364857,
        "nauc_map_at_20_std": 0.266388,
        "nauc_map_at_20_diff1": 0.266485,
        "nauc_map_at_100_max": 0.365914,
        "nauc_map_at_100_std": 0.271077,
        "nauc_map_at_100_diff1": 0.259389,
        "nauc_map_at_1000_max": 0.366284,
        "nauc_map_at_1000_std": 0.270765,
        "nauc_map_at_1000_diff1": 0.261361,
        "nauc_recall_at_1_max": 0.390576,
        "nauc_recall_at_1_std": 0.271192,
        "nauc_recall_at_1_diff1": 0.37766,
        "nauc_recall_at_3_max": 0.379604,
        "nauc_recall_at_3_std": 0.291017,
        "nauc_recall_at_3_diff1": 0.215754,
        "nauc_recall_at_5_max": 0.353096,
        "nauc_recall_at_5_std": 0.244387,
        "nauc_recall_at_5_diff1": 0.174567,
        "nauc_recall_at_10_max": 0.337269,
        "nauc_recall_at_10_std": 0.255122,
        "nauc_recall_at_10_diff1": 0.209036,
        "nauc_recall_at_20_max": 0.311899,
        "nauc_recall_at_20_std": 0.287657,
        "nauc_recall_at_20_diff1": 0.102931,
        "nauc_recall_at_100_max": 0.389877,
        "nauc_recall_at_100_std": 0.387124,
        "nauc_recall_at_100_diff1": 0.074767,
        "nauc_recall_at_1000_max": 0.720093,
        "nauc_recall_at_1000_std": 0.707303,
        "nauc_recall_at_1000_diff1": 0.262985,
        "nauc_precision_at_1_max": 0.390576,
        "nauc_precision_at_1_std": 0.271192,
        "nauc_precision_at_1_diff1": 0.37766,
        "nauc_precision_at_3_max": 0.379604,
        "nauc_precision_at_3_std": 0.291017,
        "nauc_precision_at_3_diff1": 0.215754,
        "nauc_precision_at_5_max": 0.353096,
        "nauc_precision_at_5_std": 0.244387,
        "nauc_precision_at_5_diff1": 0.174567,
        "nauc_precision_at_10_max": 0.337269,
        "nauc_precision_at_10_std": 0.255122,
        "nauc_precision_at_10_diff1": 0.209036,
        "nauc_precision_at_20_max": 0.311899,
        "nauc_precision_at_20_std": 0.287657,
        "nauc_precision_at_20_diff1": 0.102931,
        "nauc_precision_at_100_max": 0.389877,
        "nauc_precision_at_100_std": 0.387124,
        "nauc_precision_at_100_diff1": 0.074767,
        "nauc_precision_at_1000_max": 0.720093,
        "nauc_precision_at_1000_std": 0.707303,
        "nauc_precision_at_1000_diff1": 0.262985,
        "nauc_mrr_at_1_max": 0.390576,
        "nauc_mrr_at_1_std": 0.271192,
        "nauc_mrr_at_1_diff1": 0.37766,
        "nauc_mrr_at_3_max": 0.38031,
        "nauc_mrr_at_3_std": 0.277231,
        "nauc_mrr_at_3_diff1": 0.289904,
        "nauc_mrr_at_5_max": 0.373028,
        "nauc_mrr_at_5_std": 0.263479,
        "nauc_mrr_at_5_diff1": 0.2753,
        "nauc_mrr_at_10_max": 0.369206,
        "nauc_mrr_at_10_std": 0.263905,
        "nauc_mrr_at_10_diff1": 0.280636,
        "nauc_mrr_at_20_max": 0.365174,
        "nauc_mrr_at_20_std": 0.267653,
        "nauc_mrr_at_20_diff1": 0.263554,
        "nauc_mrr_at_100_max": 0.366236,
        "nauc_mrr_at_100_std": 0.272365,
        "nauc_mrr_at_100_diff1": 0.256431,
        "nauc_mrr_at_1000_max": 0.36661,
        "nauc_mrr_at_1000_std": 0.272058,
        "nauc_mrr_at_1000_diff1": 0.258402,
        "main_score": 0.10675,
        "hf_subset": "default",
        "languages": [
          "tur-Latn"
        ]
      }
    ]
  },
  "evaluation_time": 99.15127992630005,
  "kg_co2_emissions": null
}