{
  "dataset_revision": "main",
  "task_name": "QuoraRetrievalTR",
  "mteb_version": "1.31.3",
  "scores": {
    "test": [
      {
        "ndcg_at_1": 0.88913,
        "ndcg_at_3": 0.93704,
        "ndcg_at_5": 0.94165,
        "ndcg_at_10": 0.94554,
        "ndcg_at_20": 0.94638,
        "ndcg_at_100": 0.94711,
        "ndcg_at_1000": 0.94724,
        "map_at_1": 0.88913,
        "map_at_3": 0.926,
        "map_at_5": 0.9286,
        "map_at_10": 0.9302,
        "map_at_20": 0.93043,
        "map_at_100": 0.93054,
        "map_at_1000": 0.93055,
        "recall_at_1": 0.88913,
        "recall_at_3": 0.96872,
        "recall_at_5": 0.97969,
        "recall_at_10": 0.99177,
        "recall_at_20": 0.99506,
        "recall_at_100": 0.9989,
        "recall_at_1000": 1.0,
        "precision_at_1": 0.88913,
        "precision_at_3": 0.32291,
        "precision_at_5": 0.19594,
        "precision_at_10": 0.09918,
        "precision_at_20": 0.04975,
        "precision_at_100": 0.00999,
        "precision_at_1000": 0.001,
        "mrr_at_1": 0.889133,
        "mrr_at_3": 0.925997,
        "mrr_at_5": 0.928604,
        "mrr_at_10": 0.930197,
        "mrr_at_20": 0.930432,
        "mrr_at_100": 0.930542,
        "mrr_at_1000": 0.930546,
        "nauc_ndcg_at_1_max": 0.404869,
        "nauc_ndcg_at_1_std": -0.504443,
        "nauc_ndcg_at_1_diff1": 0.885767,
        "nauc_ndcg_at_3_max": 0.461794,
        "nauc_ndcg_at_3_std": -0.556146,
        "nauc_ndcg_at_3_diff1": 0.879101,
        "nauc_ndcg_at_5_max": 0.470979,
        "nauc_ndcg_at_5_std": -0.546012,
        "nauc_ndcg_at_5_diff1": 0.880724,
        "nauc_ndcg_at_10_max": 0.457681,
        "nauc_ndcg_at_10_std": -0.533364,
        "nauc_ndcg_at_10_diff1": 0.88322,
        "nauc_ndcg_at_20_max": 0.454287,
        "nauc_ndcg_at_20_std": -0.524432,
        "nauc_ndcg_at_20_diff1": 0.88207,
        "nauc_ndcg_at_100_max": 0.447534,
        "nauc_ndcg_at_100_std": -0.527324,
        "nauc_ndcg_at_100_diff1": 0.881123,
        "nauc_ndcg_at_1000_max": 0.446144,
        "nauc_ndcg_at_1000_std": -0.531167,
        "nauc_ndcg_at_1000_diff1": 0.881417,
        "nauc_map_at_1_max": 0.404869,
        "nauc_map_at_1_std": -0.504443,
        "nauc_map_at_1_diff1": 0.885767,
        "nauc_map_at_3_max": 0.441977,
        "nauc_map_at_3_std": -0.543206,
        "nauc_map_at_3_diff1": 0.880786,
        "nauc_map_at_5_max": 0.445477,
        "nauc_map_at_5_std": -0.537946,
        "nauc_map_at_5_diff1": 0.881571,
        "nauc_map_at_10_max": 0.440467,
        "nauc_map_at_10_std": -0.533656,
        "nauc_map_at_10_diff1": 0.882165,
        "nauc_map_at_20_max": 0.439758,
        "nauc_map_at_20_std": -0.531809,
        "nauc_map_at_20_diff1": 0.881917,
        "nauc_map_at_100_max": 0.438966,
        "nauc_map_at_100_std": -0.53217,
        "nauc_map_at_100_diff1": 0.881774,
        "nauc_map_at_1000_max": 0.438938,
        "nauc_map_at_1000_std": -0.532248,
        "nauc_map_at_1000_diff1": 0.881783,
        "nauc_recall_at_1_max": 0.404869,
        "nauc_recall_at_1_std": -0.504443,
        "nauc_recall_at_1_diff1": 0.885767,
        "nauc_recall_at_3_max": 0.595102,
        "nauc_recall_at_3_std": -0.638134,
        "nauc_recall_at_3_diff1": 0.868404,
        "nauc_recall_at_5_max": 0.729766,
        "nauc_recall_at_5_std": -0.615022,
        "nauc_recall_at_5_diff1": 0.874042,
        "nauc_recall_at_10_max": 0.846448,
        "nauc_recall_at_10_std": -0.462324,
        "nauc_recall_at_10_diff1": 0.925622,
        "nauc_recall_at_20_max": 0.954619,
        "nauc_recall_at_20_std": -0.030812,
        "nauc_recall_at_20_diff1": 0.905082,
        "nauc_recall_at_100_max": 1.0,
        "nauc_recall_at_100_std": 1.0,
        "nauc_recall_at_100_diff1": 0.777079,
        "nauc_recall_at_1000_max": NaN,
        "nauc_recall_at_1000_std": NaN,
        "nauc_recall_at_1000_diff1": NaN,
        "nauc_precision_at_1_max": 0.404869,
        "nauc_precision_at_1_std": -0.504443,
        "nauc_precision_at_1_diff1": 0.885767,
        "nauc_precision_at_3_max": 0.595102,
        "nauc_precision_at_3_std": -0.638134,
        "nauc_precision_at_3_diff1": 0.868404,
        "nauc_precision_at_5_max": 0.729766,
        "nauc_precision_at_5_std": -0.615022,
        "nauc_precision_at_5_diff1": 0.874042,
        "nauc_precision_at_10_max": 0.846448,
        "nauc_precision_at_10_std": -0.462324,
        "nauc_precision_at_10_diff1": 0.925622,
        "nauc_precision_at_20_max": 0.954619,
        "nauc_precision_at_20_std": -0.030812,
        "nauc_precision_at_20_diff1": 0.905082,
        "nauc_precision_at_100_max": 1.0,
        "nauc_precision_at_100_std": 1.0,
        "nauc_precision_at_100_diff1": 0.777079,
        "nauc_precision_at_1000_max": 1.0,
        "nauc_precision_at_1000_std": 1.0,
        "nauc_precision_at_1000_diff1": 1.0,
        "nauc_mrr_at_1_max": 0.404869,
        "nauc_mrr_at_1_std": -0.504443,
        "nauc_mrr_at_1_diff1": 0.885767,
        "nauc_mrr_at_3_max": 0.441977,
        "nauc_mrr_at_3_std": -0.543206,
        "nauc_mrr_at_3_diff1": 0.880786,
        "nauc_mrr_at_5_max": 0.445477,
        "nauc_mrr_at_5_std": -0.537946,
        "nauc_mrr_at_5_diff1": 0.881571,
        "nauc_mrr_at_10_max": 0.440467,
        "nauc_mrr_at_10_std": -0.533656,
        "nauc_mrr_at_10_diff1": 0.882165,
        "nauc_mrr_at_20_max": 0.439758,
        "nauc_mrr_at_20_std": -0.531809,
        "nauc_mrr_at_20_diff1": 0.881917,
        "nauc_mrr_at_100_max": 0.438966,
        "nauc_mrr_at_100_std": -0.53217,
        "nauc_mrr_at_100_diff1": 0.881774,
        "nauc_mrr_at_1000_max": 0.438938,
        "nauc_mrr_at_1000_std": -0.532248,
        "nauc_mrr_at_1000_diff1": 0.881783,
        "main_score": 0.94554,
        "hf_subset": "default",
        "languages": [
          "tur-Latn"
        ]
      }
    ]
  },
  "evaluation_time": 27.493183374404907,
  "kg_co2_emissions": null
}