{
  "dataset_revision": "main",
  "task_name": "SCIDOCSTR",
  "mteb_version": "1.31.3",
  "scores": {
    "test": [
      {
        "ndcg_at_1": 0.01338,
        "ndcg_at_3": 0.01983,
        "ndcg_at_5": 0.02395,
        "ndcg_at_10": 0.02709,
        "ndcg_at_20": 0.03104,
        "ndcg_at_100": 0.04346,
        "ndcg_at_1000": 0.09176,
        "map_at_1": 0.01338,
        "map_at_3": 0.01821,
        "map_at_5": 0.02049,
        "map_at_10": 0.02173,
        "map_at_20": 0.02281,
        "map_at_100": 0.0244,
        "map_at_1000": 0.02558,
        "recall_at_1": 0.01338,
        "recall_at_3": 0.02453,
        "recall_at_5": 0.03456,
        "recall_at_10": 0.04459,
        "recall_at_20": 0.0602,
        "recall_at_100": 0.12932,
        "recall_at_1000": 0.54849,
        "precision_at_1": 0.01338,
        "precision_at_3": 0.00818,
        "precision_at_5": 0.00691,
        "precision_at_10": 0.00446,
        "precision_at_20": 0.00301,
        "precision_at_100": 0.00129,
        "precision_at_1000": 0.00055,
        "mrr_at_1": 0.013378,
        "mrr_at_3": 0.018209,
        "mrr_at_5": 0.020494,
        "mrr_at_10": 0.021727,
        "mrr_at_20": 0.022813,
        "mrr_at_100": 0.024401,
        "mrr_at_1000": 0.025576,
        "nauc_ndcg_at_1_max": 0.128353,
        "nauc_ndcg_at_1_std": 0.182135,
        "nauc_ndcg_at_1_diff1": 0.225096,
        "nauc_ndcg_at_3_max": 0.165993,
        "nauc_ndcg_at_3_std": 0.22301,
        "nauc_ndcg_at_3_diff1": 0.159427,
        "nauc_ndcg_at_5_max": 0.150927,
        "nauc_ndcg_at_5_std": 0.198082,
        "nauc_ndcg_at_5_diff1": 0.132751,
        "nauc_ndcg_at_10_max": 0.129256,
        "nauc_ndcg_at_10_std": 0.16487,
        "nauc_ndcg_at_10_diff1": 0.134833,
        "nauc_ndcg_at_20_max": 0.115869,
        "nauc_ndcg_at_20_std": 0.129313,
        "nauc_ndcg_at_20_diff1": 0.128007,
        "nauc_ndcg_at_100_max": 0.104403,
        "nauc_ndcg_at_100_std": 0.128966,
        "nauc_ndcg_at_100_diff1": 0.079704,
        "nauc_ndcg_at_1000_max": 0.06793,
        "nauc_ndcg_at_1000_std": 0.072962,
        "nauc_ndcg_at_1000_diff1": 0.047654,
        "nauc_map_at_1_max": 0.128353,
        "nauc_map_at_1_std": 0.182135,
        "nauc_map_at_1_diff1": 0.225096,
        "nauc_map_at_3_max": 0.156822,
        "nauc_map_at_3_std": 0.207412,
        "nauc_map_at_3_diff1": 0.177535,
        "nauc_map_at_5_max": 0.148311,
        "nauc_map_at_5_std": 0.194437,
        "nauc_map_at_5_diff1": 0.158121,
        "nauc_map_at_10_max": 0.137474,
        "nauc_map_at_10_std": 0.178572,
        "nauc_map_at_10_diff1": 0.155694,
        "nauc_map_at_20_max": 0.131953,
        "nauc_map_at_20_std": 0.164546,
        "nauc_map_at_20_diff1": 0.151029,
        "nauc_map_at_100_max": 0.126018,
        "nauc_map_at_100_std": 0.162756,
        "nauc_map_at_100_diff1": 0.138368,
        "nauc_map_at_1000_max": 0.123739,
        "nauc_map_at_1000_std": 0.158989,
        "nauc_map_at_1000_diff1": 0.135245,
        "nauc_recall_at_1_max": 0.128353,
        "nauc_recall_at_1_std": 0.182135,
        "nauc_recall_at_1_diff1": 0.225096,
        "nauc_recall_at_3_max": 0.18641,
        "nauc_recall_at_3_std": 0.258991,
        "nauc_recall_at_3_diff1": 0.118647,
        "nauc_recall_at_5_max": 0.154543,
        "nauc_recall_at_5_std": 0.203025,
        "nauc_recall_at_5_diff1": 0.085825,
        "nauc_recall_at_10_max": 0.1125,
        "nauc_recall_at_10_std": 0.13694,
        "nauc_recall_at_10_diff1": 0.105605,
        "nauc_recall_at_20_max": 0.089812,
        "nauc_recall_at_20_std": 0.071912,
        "nauc_recall_at_20_diff1": 0.102317,
        "nauc_recall_at_100_max": 0.08801,
        "nauc_recall_at_100_std": 0.098951,
        "nauc_recall_at_100_diff1": 0.02277,
        "nauc_recall_at_1000_max": 0.008969,
        "nauc_recall_at_1000_std": -0.017546,
        "nauc_recall_at_1000_diff1": -0.02725,
        "nauc_precision_at_1_max": 0.128353,
        "nauc_precision_at_1_std": 0.182135,
        "nauc_precision_at_1_diff1": 0.225096,
        "nauc_precision_at_3_max": 0.18641,
        "nauc_precision_at_3_std": 0.258991,
        "nauc_precision_at_3_diff1": 0.118647,
        "nauc_precision_at_5_max": 0.154543,
        "nauc_precision_at_5_std": 0.203025,
        "nauc_precision_at_5_diff1": 0.085825,
        "nauc_precision_at_10_max": 0.1125,
        "nauc_precision_at_10_std": 0.13694,
        "nauc_precision_at_10_diff1": 0.105605,
        "nauc_precision_at_20_max": 0.089812,
        "nauc_precision_at_20_std": 0.071912,
        "nauc_precision_at_20_diff1": 0.102317,
        "nauc_precision_at_100_max": 0.08801,
        "nauc_precision_at_100_std": 0.098951,
        "nauc_precision_at_100_diff1": 0.02277,
        "nauc_precision_at_1000_max": 0.008969,
        "nauc_precision_at_1000_std": -0.017546,
        "nauc_precision_at_1000_diff1": -0.02725,
        "nauc_mrr_at_1_max": 0.128353,
        "nauc_mrr_at_1_std": 0.182135,
        "nauc_mrr_at_1_diff1": 0.225096,
        "nauc_mrr_at_3_max": 0.156822,
        "nauc_mrr_at_3_std": 0.207412,
        "nauc_mrr_at_3_diff1": 0.177535,
        "nauc_mrr_at_5_max": 0.148311,
        "nauc_mrr_at_5_std": 0.194437,
        "nauc_mrr_at_5_diff1": 0.158121,
        "nauc_mrr_at_10_max": 0.137474,
        "nauc_mrr_at_10_std": 0.178572,
        "nauc_mrr_at_10_diff1": 0.155694,
        "nauc_mrr_at_20_max": 0.131953,
        "nauc_mrr_at_20_std": 0.164546,
        "nauc_mrr_at_20_diff1": 0.151029,
        "nauc_mrr_at_100_max": 0.126018,
        "nauc_mrr_at_100_std": 0.162756,
        "nauc_mrr_at_100_diff1": 0.138368,
        "nauc_mrr_at_1000_max": 0.123739,
        "nauc_mrr_at_1000_std": 0.158989,
        "nauc_mrr_at_1000_diff1": 0.135245,
        "main_score": 0.02709,
        "hf_subset": "default",
        "languages": [
          "tur-Latn"
        ]
      }
    ]
  },
  "evaluation_time": 94.46446299552917,
  "kg_co2_emissions": null
}