{
  "dataset_revision": "main",
  "task_name": "SciFactTR",
  "mteb_version": "1.31.3",
  "scores": {
    "test": [
      {
        "ndcg_at_1": 0.61667,
        "ndcg_at_3": 0.71781,
        "ndcg_at_5": 0.73288,
        "ndcg_at_10": 0.74762,
        "ndcg_at_20": 0.75685,
        "ndcg_at_100": 0.77309,
        "ndcg_at_1000": 0.77394,
        "map_at_1": 0.61667,
        "map_at_3": 0.69389,
        "map_at_5": 0.70222,
        "map_at_10": 0.70812,
        "map_at_20": 0.71063,
        "map_at_100": 0.71295,
        "map_at_1000": 0.71298,
        "recall_at_1": 0.61667,
        "recall_at_3": 0.78667,
        "recall_at_5": 0.82333,
        "recall_at_10": 0.87,
        "recall_at_20": 0.90667,
        "recall_at_100": 0.99333,
        "recall_at_1000": 1.0,
        "precision_at_1": 0.61667,
        "precision_at_3": 0.26222,
        "precision_at_5": 0.16467,
        "precision_at_10": 0.087,
        "precision_at_20": 0.04533,
        "precision_at_100": 0.00993,
        "precision_at_1000": 0.001,
        "mrr_at_1": 0.616667,
        "mrr_at_3": 0.693889,
        "mrr_at_5": 0.702222,
        "mrr_at_10": 0.708115,
        "mrr_at_20": 0.710631,
        "mrr_at_100": 0.712947,
        "mrr_at_1000": 0.712977,
        "nauc_ndcg_at_1_max": 0.415932,
        "nauc_ndcg_at_1_std": -0.05561,
        "nauc_ndcg_at_1_diff1": 0.749232,
        "nauc_ndcg_at_3_max": 0.475131,
        "nauc_ndcg_at_3_std": 0.007577,
        "nauc_ndcg_at_3_diff1": 0.719795,
        "nauc_ndcg_at_5_max": 0.477302,
        "nauc_ndcg_at_5_std": 0.004341,
        "nauc_ndcg_at_5_diff1": 0.713572,
        "nauc_ndcg_at_10_max": 0.508086,
        "nauc_ndcg_at_10_std": 0.034954,
        "nauc_ndcg_at_10_diff1": 0.714519,
        "nauc_ndcg_at_20_max": 0.501969,
        "nauc_ndcg_at_20_std": 0.049472,
        "nauc_ndcg_at_20_diff1": 0.712946,
        "nauc_ndcg_at_100_max": 0.48107,
        "nauc_ndcg_at_100_std": 0.01421,
        "nauc_ndcg_at_100_diff1": 0.721092,
        "nauc_ndcg_at_1000_max": 0.479055,
        "nauc_ndcg_at_1000_std": 0.010839,
        "nauc_ndcg_at_1000_diff1": 0.720127,
        "nauc_map_at_1_max": 0.415932,
        "nauc_map_at_1_std": -0.05561,
        "nauc_map_at_1_diff1": 0.749232,
        "nauc_map_at_3_max": 0.460501,
        "nauc_map_at_3_std": -0.009403,
        "nauc_map_at_3_diff1": 0.72773,
        "nauc_map_at_5_max": 0.461581,
        "nauc_map_at_5_std": -0.011371,
        "nauc_map_at_5_diff1": 0.724435,
        "nauc_map_at_10_max": 0.472558,
        "nauc_map_at_10_std": -0.000854,
        "nauc_map_at_10_diff1": 0.724939,
        "nauc_map_at_20_max": 0.470701,
        "nauc_map_at_20_std": 0.001931,
        "nauc_map_at_20_diff1": 0.724642,
        "nauc_map_at_100_max": 0.467759,
        "nauc_map_at_100_std": -0.003013,
        "nauc_map_at_100_diff1": 0.725264,
        "nauc_map_at_1000_max": 0.467703,
        "nauc_map_at_1000_std": -0.003104,
        "nauc_map_at_1000_diff1": 0.725237,
        "nauc_recall_at_1_max": 0.415932,
        "nauc_recall_at_1_std": -0.05561,
        "nauc_recall_at_1_diff1": 0.749232,
        "nauc_recall_at_3_max": 0.528969,
        "nauc_recall_at_3_std": 0.070914,
        "nauc_recall_at_3_diff1": 0.690186,
        "nauc_recall_at_5_max": 0.543563,
        "nauc_recall_at_5_std": 0.070644,
        "nauc_recall_at_5_diff1": 0.666259,
        "nauc_recall_at_10_max": 0.727221,
        "nauc_recall_at_10_std": 0.257338,
        "nauc_recall_at_10_diff1": 0.656805,
        "nauc_recall_at_20_max": 0.752034,
        "nauc_recall_at_20_std": 0.469171,
        "nauc_recall_at_20_diff1": 0.622916,
        "nauc_recall_at_100_max": 0.934641,
        "nauc_recall_at_100_std": 0.777077,
        "nauc_recall_at_100_diff1": 0.934641,
        "nauc_recall_at_1000_max": NaN,
        "nauc_recall_at_1000_std": NaN,
        "nauc_recall_at_1000_diff1": NaN,
        "nauc_precision_at_1_max": 0.415932,
        "nauc_precision_at_1_std": -0.05561,
        "nauc_precision_at_1_diff1": 0.749232,
        "nauc_precision_at_3_max": 0.528969,
        "nauc_precision_at_3_std": 0.070914,
        "nauc_precision_at_3_diff1": 0.690186,
        "nauc_precision_at_5_max": 0.543563,
        "nauc_precision_at_5_std": 0.070644,
        "nauc_precision_at_5_diff1": 0.666259,
        "nauc_precision_at_10_max": 0.727221,
        "nauc_precision_at_10_std": 0.257338,
        "nauc_precision_at_10_diff1": 0.656805,
        "nauc_precision_at_20_max": 0.752034,
        "nauc_precision_at_20_std": 0.469171,
        "nauc_precision_at_20_diff1": 0.622916,
        "nauc_precision_at_100_max": 0.934641,
        "nauc_precision_at_100_std": 0.777077,
        "nauc_precision_at_100_diff1": 0.934641,
        "nauc_precision_at_1000_max": 1.0,
        "nauc_precision_at_1000_std": 1.0,
        "nauc_precision_at_1000_diff1": 1.0,
        "nauc_mrr_at_1_max": 0.415932,
        "nauc_mrr_at_1_std": -0.05561,
        "nauc_mrr_at_1_diff1": 0.749232,
        "nauc_mrr_at_3_max": 0.460501,
        "nauc_mrr_at_3_std": -0.009403,
        "nauc_mrr_at_3_diff1": 0.72773,
        "nauc_mrr_at_5_max": 0.461581,
        "nauc_mrr_at_5_std": -0.011371,
        "nauc_mrr_at_5_diff1": 0.724435,
        "nauc_mrr_at_10_max": 0.472558,
        "nauc_mrr_at_10_std": -0.000854,
        "nauc_mrr_at_10_diff1": 0.724939,
        "nauc_mrr_at_20_max": 0.470701,
        "nauc_mrr_at_20_std": 0.001931,
        "nauc_mrr_at_20_diff1": 0.724642,
        "nauc_mrr_at_100_max": 0.467759,
        "nauc_mrr_at_100_std": -0.003013,
        "nauc_mrr_at_100_diff1": 0.725264,
        "nauc_mrr_at_1000_max": 0.467703,
        "nauc_mrr_at_1000_std": -0.003104,
        "nauc_mrr_at_1000_diff1": 0.725237,
        "main_score": 0.74762,
        "hf_subset": "default",
        "languages": [
          "tur-Latn"
        ]
      }
    ]
  },
  "evaluation_time": 21.500895977020264,
  "kg_co2_emissions": null
}