{
  "dataset_revision": "main",
  "task_name": "SquadTRRetrieval",
  "mteb_version": "1.31.3",
  "scores": {
    "test": [
      {
        "ndcg_at_1": 0.45785,
        "ndcg_at_3": 0.56676,
        "ndcg_at_5": 0.59764,
        "ndcg_at_10": 0.62384,
        "ndcg_at_20": 0.64049,
        "ndcg_at_100": 0.6582,
        "ndcg_at_1000": 0.66344,
        "map_at_1": 0.45785,
        "map_at_3": 0.53988,
        "map_at_5": 0.55708,
        "map_at_10": 0.568,
        "map_at_20": 0.57257,
        "map_at_100": 0.57513,
        "map_at_1000": 0.57534,
        "recall_at_1": 0.45785,
        "recall_at_3": 0.64455,
        "recall_at_5": 0.71933,
        "recall_at_10": 0.79978,
        "recall_at_20": 0.86552,
        "recall_at_100": 0.95935,
        "recall_at_1000": 0.99976,
        "precision_at_1": 0.45785,
        "precision_at_3": 0.21485,
        "precision_at_5": 0.14387,
        "precision_at_10": 0.07998,
        "precision_at_20": 0.04328,
        "precision_at_100": 0.00959,
        "precision_at_1000": 0.001,
        "mrr_at_1": 0.457846,
        "mrr_at_3": 0.539883,
        "mrr_at_5": 0.557076,
        "mrr_at_10": 0.567995,
        "mrr_at_20": 0.572574,
        "mrr_at_100": 0.575128,
        "mrr_at_1000": 0.57534,
        "nauc_ndcg_at_1_max": 0.315679,
        "nauc_ndcg_at_1_std": 0.034106,
        "nauc_ndcg_at_1_diff1": 0.573862,
        "nauc_ndcg_at_3_max": 0.362567,
        "nauc_ndcg_at_3_std": 0.0708,
        "nauc_ndcg_at_3_diff1": 0.523171,
        "nauc_ndcg_at_5_max": 0.380839,
        "nauc_ndcg_at_5_std": 0.087642,
        "nauc_ndcg_at_5_diff1": 0.522701,
        "nauc_ndcg_at_10_max": 0.394073,
        "nauc_ndcg_at_10_std": 0.102452,
        "nauc_ndcg_at_10_diff1": 0.522727,
        "nauc_ndcg_at_20_max": 0.399954,
        "nauc_ndcg_at_20_std": 0.111882,
        "nauc_ndcg_at_20_diff1": 0.524355,
        "nauc_ndcg_at_100_max": 0.386997,
        "nauc_ndcg_at_100_std": 0.100205,
        "nauc_ndcg_at_100_diff1": 0.529623,
        "nauc_ndcg_at_1000_max": 0.377882,
        "nauc_ndcg_at_1000_std": 0.090037,
        "nauc_ndcg_at_1000_diff1": 0.531138,
        "nauc_map_at_1_max": 0.315679,
        "nauc_map_at_1_std": 0.034106,
        "nauc_map_at_1_diff1": 0.573862,
        "nauc_map_at_3_max": 0.349735,
        "nauc_map_at_3_std": 0.060877,
        "nauc_map_at_3_diff1": 0.53538,
        "nauc_map_at_5_max": 0.358951,
        "nauc_map_at_5_std": 0.069374,
        "nauc_map_at_5_diff1": 0.535392,
        "nauc_map_at_10_max": 0.363438,
        "nauc_map_at_10_std": 0.074553,
        "nauc_map_at_10_diff1": 0.535646,
        "nauc_map_at_20_max": 0.364451,
        "nauc_map_at_20_std": 0.076412,
        "nauc_map_at_20_diff1": 0.536213,
        "nauc_map_at_100_max": 0.362889,
        "nauc_map_at_100_std": 0.075149,
        "nauc_map_at_100_diff1": 0.536878,
        "nauc_map_at_1000_max": 0.362588,
        "nauc_map_at_1000_std": 0.074818,
        "nauc_map_at_1000_diff1": 0.536937,
        "nauc_recall_at_1_max": 0.315679,
        "nauc_recall_at_1_std": 0.034106,
        "nauc_recall_at_1_diff1": 0.573862,
        "nauc_recall_at_3_max": 0.404768,
        "nauc_recall_at_3_std": 0.103381,
        "nauc_recall_at_3_diff1": 0.483762,
        "nauc_recall_at_5_max": 0.466424,
        "nauc_recall_at_5_std": 0.159377,
        "nauc_recall_at_5_diff1": 0.475892,
        "nauc_recall_at_10_max": 0.553704,
        "nauc_recall_at_10_std": 0.249599,
        "nauc_recall_at_10_diff1": 0.46218,
        "nauc_recall_at_20_max": 0.671541,
        "nauc_recall_at_20_std": 0.391427,
        "nauc_recall_at_20_diff1": 0.448587,
        "nauc_recall_at_100_max": 0.818589,
        "nauc_recall_at_100_std": 0.582587,
        "nauc_recall_at_100_diff1": 0.45919,
        "nauc_recall_at_1000_max": 0.934641,
        "nauc_recall_at_1000_std": 0.540168,
        "nauc_recall_at_1000_diff1": 0.27543,
        "nauc_precision_at_1_max": 0.315679,
        "nauc_precision_at_1_std": 0.034106,
        "nauc_precision_at_1_diff1": 0.573862,
        "nauc_precision_at_3_max": 0.404768,
        "nauc_precision_at_3_std": 0.103381,
        "nauc_precision_at_3_diff1": 0.483762,
        "nauc_precision_at_5_max": 0.466424,
        "nauc_precision_at_5_std": 0.159377,
        "nauc_precision_at_5_diff1": 0.475892,
        "nauc_precision_at_10_max": 0.553704,
        "nauc_precision_at_10_std": 0.249599,
        "nauc_precision_at_10_diff1": 0.46218,
        "nauc_precision_at_20_max": 0.671541,
        "nauc_precision_at_20_std": 0.391427,
        "nauc_precision_at_20_diff1": 0.448587,
        "nauc_precision_at_100_max": 0.818589,
        "nauc_precision_at_100_std": 0.582587,
        "nauc_precision_at_100_diff1": 0.45919,
        "nauc_precision_at_1000_max": 0.934641,
        "nauc_precision_at_1000_std": 0.540168,
        "nauc_precision_at_1000_diff1": 0.27543,
        "nauc_mrr_at_1_max": 0.315679,
        "nauc_mrr_at_1_std": 0.034106,
        "nauc_mrr_at_1_diff1": 0.573862,
        "nauc_mrr_at_3_max": 0.349735,
        "nauc_mrr_at_3_std": 0.060877,
        "nauc_mrr_at_3_diff1": 0.53538,
        "nauc_mrr_at_5_max": 0.358951,
        "nauc_mrr_at_5_std": 0.069374,
        "nauc_mrr_at_5_diff1": 0.535392,
        "nauc_mrr_at_10_max": 0.363438,
        "nauc_mrr_at_10_std": 0.074553,
        "nauc_mrr_at_10_diff1": 0.535646,
        "nauc_mrr_at_20_max": 0.364451,
        "nauc_mrr_at_20_std": 0.076412,
        "nauc_mrr_at_20_diff1": 0.536213,
        "nauc_mrr_at_100_max": 0.362889,
        "nauc_mrr_at_100_std": 0.075149,
        "nauc_mrr_at_100_diff1": 0.536878,
        "nauc_mrr_at_1000_max": 0.362588,
        "nauc_mrr_at_1000_std": 0.074818,
        "nauc_mrr_at_1000_diff1": 0.536937,
        "main_score": 0.62384,
        "hf_subset": "default",
        "languages": [
          "tur-Latn"
        ]
      }
    ]
  },
  "evaluation_time": 104.87479901313782,
  "kg_co2_emissions": null
}