{
  "dataset_revision": "main",
  "task_name": "TQuadRetrieval",
  "mteb_version": "1.31.3",
  "scores": {
    "test": [
      {
        "ndcg_at_1": 0.61659,
        "ndcg_at_3": 0.75117,
        "ndcg_at_5": 0.7697,
        "ndcg_at_10": 0.7948,
        "ndcg_at_20": 0.80056,
        "ndcg_at_100": 0.80197,
        "ndcg_at_1000": 0.80211,
        "map_at_1": 0.61659,
        "map_at_3": 0.71824,
        "map_at_5": 0.72855,
        "map_at_10": 0.73875,
        "map_at_20": 0.74053,
        "map_at_100": 0.74071,
        "map_at_1000": 0.74071,
        "recall_at_1": 0.61659,
        "recall_at_3": 0.84641,
        "recall_at_5": 0.89126,
        "recall_at_10": 0.96973,
        "recall_at_20": 0.99103,
        "recall_at_100": 0.99888,
        "recall_at_1000": 1.0,
        "precision_at_1": 0.61659,
        "precision_at_3": 0.28214,
        "precision_at_5": 0.17825,
        "precision_at_10": 0.09697,
        "precision_at_20": 0.04955,
        "precision_at_100": 0.00999,
        "precision_at_1000": 0.001,
        "mrr_at_1": 0.615471,
        "mrr_at_3": 0.717676,
        "mrr_at_5": 0.72799,
        "mrr_at_10": 0.738188,
        "mrr_at_20": 0.739973,
        "mrr_at_100": 0.740147,
        "mrr_at_1000": 0.740152,
        "nauc_ndcg_at_1_max": 0.174301,
        "nauc_ndcg_at_1_std": -0.182431,
        "nauc_ndcg_at_1_diff1": 0.57986,
        "nauc_ndcg_at_3_max": 0.122862,
        "nauc_ndcg_at_3_std": -0.23687,
        "nauc_ndcg_at_3_diff1": 0.507512,
        "nauc_ndcg_at_5_max": 0.115497,
        "nauc_ndcg_at_5_std": -0.244678,
        "nauc_ndcg_at_5_diff1": 0.496833,
        "nauc_ndcg_at_10_max": 0.152284,
        "nauc_ndcg_at_10_std": -0.211751,
        "nauc_ndcg_at_10_diff1": 0.528131,
        "nauc_ndcg_at_20_max": 0.154699,
        "nauc_ndcg_at_20_std": -0.206648,
        "nauc_ndcg_at_20_diff1": 0.533975,
        "nauc_ndcg_at_100_max": 0.14783,
        "nauc_ndcg_at_100_std": -0.214583,
        "nauc_ndcg_at_100_diff1": 0.532732,
        "nauc_ndcg_at_1000_max": 0.147109,
        "nauc_ndcg_at_1000_std": -0.215611,
        "nauc_ndcg_at_1000_diff1": 0.532572,
        "nauc_map_at_1_max": 0.174301,
        "nauc_map_at_1_std": -0.182431,
        "nauc_map_at_1_diff1": 0.57986,
        "nauc_map_at_3_max": 0.138917,
        "nauc_map_at_3_std": -0.223281,
        "nauc_map_at_3_diff1": 0.528962,
        "nauc_map_at_5_max": 0.135624,
        "nauc_map_at_5_std": -0.227104,
        "nauc_map_at_5_diff1": 0.524666,
        "nauc_map_at_10_max": 0.147852,
        "nauc_map_at_10_std": -0.216078,
        "nauc_map_at_10_diff1": 0.535675,
        "nauc_map_at_20_max": 0.148523,
        "nauc_map_at_20_std": -0.214717,
        "nauc_map_at_20_diff1": 0.53719,
        "nauc_map_at_100_max": 0.147865,
        "nauc_map_at_100_std": -0.21545,
        "nauc_map_at_100_diff1": 0.537067,
        "nauc_map_at_1000_max": 0.147848,
        "nauc_map_at_1000_std": -0.215474,
        "nauc_map_at_1000_diff1": 0.537063,
        "nauc_recall_at_1_max": 0.174301,
        "nauc_recall_at_1_std": -0.182431,
        "nauc_recall_at_1_diff1": 0.57986,
        "nauc_recall_at_3_max": 0.048011,
        "nauc_recall_at_3_std": -0.297962,
        "nauc_recall_at_3_diff1": 0.408256,
        "nauc_recall_at_5_max": -0.008597,
        "nauc_recall_at_5_std": -0.349636,
        "nauc_recall_at_5_diff1": 0.324703,
        "nauc_recall_at_10_max": 0.351376,
        "nauc_recall_at_10_std": -0.015056,
        "nauc_recall_at_10_diff1": 0.457311,
        "nauc_recall_at_20_max": 0.967328,
        "nauc_recall_at_20_std": 0.771916,
        "nauc_recall_at_20_diff1": 0.681686,
        "nauc_recall_at_100_max": 1.0,
        "nauc_recall_at_100_std": 1.0,
        "nauc_recall_at_100_diff1": 0.722337,
        "nauc_recall_at_1000_max": NaN,
        "nauc_recall_at_1000_std": NaN,
        "nauc_recall_at_1000_diff1": NaN,
        "nauc_precision_at_1_max": 0.174301,
        "nauc_precision_at_1_std": -0.182431,
        "nauc_precision_at_1_diff1": 0.57986,
        "nauc_precision_at_3_max": 0.048011,
        "nauc_precision_at_3_std": -0.297962,
        "nauc_precision_at_3_diff1": 0.408256,
        "nauc_precision_at_5_max": -0.008597,
        "nauc_precision_at_5_std": -0.349636,
        "nauc_precision_at_5_diff1": 0.324703,
        "nauc_precision_at_10_max": 0.351376,
        "nauc_precision_at_10_std": -0.015056,
        "nauc_precision_at_10_diff1": 0.457311,
        "nauc_precision_at_20_max": 0.967328,
        "nauc_precision_at_20_std": 0.771916,
        "nauc_precision_at_20_diff1": 0.681686,
        "nauc_precision_at_100_max": 1.0,
        "nauc_precision_at_100_std": 1.0,
        "nauc_precision_at_100_diff1": 0.722337,
        "nauc_precision_at_1000_max": NaN,
        "nauc_precision_at_1000_std": NaN,
        "nauc_precision_at_1000_diff1": NaN,
        "nauc_mrr_at_1_max": 0.16613,
        "nauc_mrr_at_1_std": -0.182688,
        "nauc_mrr_at_1_diff1": 0.582347,
        "nauc_mrr_at_3_max": 0.133689,
        "nauc_mrr_at_3_std": -0.223393,
        "nauc_mrr_at_3_diff1": 0.530634,
        "nauc_mrr_at_5_max": 0.130194,
        "nauc_mrr_at_5_std": -0.227216,
        "nauc_mrr_at_5_diff1": 0.52641,
        "nauc_mrr_at_10_max": 0.142156,
        "nauc_mrr_at_10_std": -0.216211,
        "nauc_mrr_at_10_diff1": 0.537483,
        "nauc_mrr_at_20_max": 0.142779,
        "nauc_mrr_at_20_std": -0.214852,
        "nauc_mrr_at_20_diff1": 0.539011,
        "nauc_mrr_at_100_max": 0.142117,
        "nauc_mrr_at_100_std": -0.215584,
        "nauc_mrr_at_100_diff1": 0.53889,
        "nauc_mrr_at_1000_max": 0.1421,
        "nauc_mrr_at_1000_std": -0.215609,
        "nauc_mrr_at_1000_diff1": 0.538886,
        "main_score": 0.7948,
        "hf_subset": "default",
        "languages": [
          "tur-Latn"
        ]
      }
    ]
  },
  "evaluation_time": 20.21519708633423,
  "kg_co2_emissions": null
}