{
  "dataset_revision": "51adfef1c1287aab1d2d91b5bead9bcfb9c68583",
  "task_name": "XQuADRetrieval",
  "mteb_version": "1.31.3",
  "scores": {
    "validation": [
      {
        "ndcg_at_1": 0.78209,
        "ndcg_at_3": 0.86056,
        "ndcg_at_5": 0.87274,
        "ndcg_at_10": 0.88101,
        "ndcg_at_20": 0.88363,
        "ndcg_at_100": 0.8872,
        "ndcg_at_1000": 0.88742,
        "map_at_1": 0.78209,
        "map_at_3": 0.84178,
        "map_at_5": 0.84854,
        "map_at_10": 0.85199,
        "map_at_20": 0.85275,
        "map_at_100": 0.85329,
        "map_at_1000": 0.8533,
        "recall_at_1": 0.78209,
        "recall_at_3": 0.9147,
        "recall_at_5": 0.94426,
        "recall_at_10": 0.96959,
        "recall_at_20": 0.97973,
        "recall_at_100": 0.99831,
        "recall_at_1000": 1.0,
        "precision_at_1": 0.78209,
        "precision_at_3": 0.3049,
        "precision_at_5": 0.18885,
        "precision_at_10": 0.09696,
        "precision_at_20": 0.04899,
        "precision_at_100": 0.00998,
        "precision_at_1000": 0.001,
        "mrr_at_1": 0.782095,
        "mrr_at_3": 0.841779,
        "mrr_at_5": 0.848536,
        "mrr_at_10": 0.851994,
        "mrr_at_20": 0.852748,
        "mrr_at_100": 0.853286,
        "mrr_at_1000": 0.853295,
        "nauc_ndcg_at_1_max": 0.580343,
        "nauc_ndcg_at_1_std": 0.07685,
        "nauc_ndcg_at_1_diff1": 0.821608,
        "nauc_ndcg_at_3_max": 0.650647,
        "nauc_ndcg_at_3_std": 0.164427,
        "nauc_ndcg_at_3_diff1": 0.798619,
        "nauc_ndcg_at_5_max": 0.6684,
        "nauc_ndcg_at_5_std": 0.191182,
        "nauc_ndcg_at_5_diff1": 0.803318,
        "nauc_ndcg_at_10_max": 0.650485,
        "nauc_ndcg_at_10_std": 0.175502,
        "nauc_ndcg_at_10_diff1": 0.801752,
        "nauc_ndcg_at_20_max": 0.64404,
        "nauc_ndcg_at_20_std": 0.167395,
        "nauc_ndcg_at_20_diff1": 0.80183,
        "nauc_ndcg_at_100_max": 0.634781,
        "nauc_ndcg_at_100_std": 0.15013,
        "nauc_ndcg_at_100_diff1": 0.806887,
        "nauc_ndcg_at_1000_max": 0.634008,
        "nauc_ndcg_at_1000_std": 0.148607,
        "nauc_ndcg_at_1000_diff1": 0.806479,
        "nauc_map_at_1_max": 0.580343,
        "nauc_map_at_1_std": 0.07685,
        "nauc_map_at_1_diff1": 0.821608,
        "nauc_map_at_3_max": 0.628086,
        "nauc_map_at_3_std": 0.135314,
        "nauc_map_at_3_diff1": 0.805665,
        "nauc_map_at_5_max": 0.635228,
        "nauc_map_at_5_std": 0.146746,
        "nauc_map_at_5_diff1": 0.808238,
        "nauc_map_at_10_max": 0.628283,
        "nauc_map_at_10_std": 0.139946,
        "nauc_map_at_10_diff1": 0.807778,
        "nauc_map_at_20_max": 0.626682,
        "nauc_map_at_20_std": 0.137758,
        "nauc_map_at_20_diff1": 0.807863,
        "nauc_map_at_100_max": 0.625599,
        "nauc_map_at_100_std": 0.135823,
        "nauc_map_at_100_diff1": 0.808514,
        "nauc_map_at_1000_max": 0.625574,
        "nauc_map_at_1000_std": 0.135775,
        "nauc_map_at_1000_diff1": 0.808501,
        "nauc_recall_at_1_max": 0.580343,
        "nauc_recall_at_1_std": 0.07685,
        "nauc_recall_at_1_diff1": 0.821608,
        "nauc_recall_at_3_max": 0.763925,
        "nauc_recall_at_3_std": 0.311335,
        "nauc_recall_at_3_diff1": 0.763481,
        "nauc_recall_at_5_max": 0.918251,
        "nauc_recall_at_5_std": 0.526686,
        "nauc_recall_at_5_diff1": 0.76913,
        "nauc_recall_at_10_max": 0.926039,
        "nauc_recall_at_10_std": 0.639401,
        "nauc_recall_at_10_diff1": 0.724237,
        "nauc_recall_at_20_max": 0.930095,
        "nauc_recall_at_20_std": 0.709737,
        "nauc_recall_at_20_diff1": 0.685447,
        "nauc_recall_at_100_max": 1.0,
        "nauc_recall_at_100_std": 0.86933,
        "nauc_recall_at_100_diff1": 1.0,
        "nauc_recall_at_1000_max": NaN,
        "nauc_recall_at_1000_std": NaN,
        "nauc_recall_at_1000_diff1": NaN,
        "nauc_precision_at_1_max": 0.580343,
        "nauc_precision_at_1_std": 0.07685,
        "nauc_precision_at_1_diff1": 0.821608,
        "nauc_precision_at_3_max": 0.763925,
        "nauc_precision_at_3_std": 0.311335,
        "nauc_precision_at_3_diff1": 0.763481,
        "nauc_precision_at_5_max": 0.918251,
        "nauc_precision_at_5_std": 0.526686,
        "nauc_precision_at_5_diff1": 0.76913,
        "nauc_precision_at_10_max": 0.926039,
        "nauc_precision_at_10_std": 0.639401,
        "nauc_precision_at_10_diff1": 0.724237,
        "nauc_precision_at_20_max": 0.930095,
        "nauc_precision_at_20_std": 0.709737,
        "nauc_precision_at_20_diff1": 0.685447,
        "nauc_precision_at_100_max": 1.0,
        "nauc_precision_at_100_std": 0.86933,
        "nauc_precision_at_100_diff1": 1.0,
        "nauc_precision_at_1000_max": 1.0,
        "nauc_precision_at_1000_std": 1.0,
        "nauc_precision_at_1000_diff1": 1.0,
        "nauc_mrr_at_1_max": 0.580343,
        "nauc_mrr_at_1_std": 0.07685,
        "nauc_mrr_at_1_diff1": 0.821608,
        "nauc_mrr_at_3_max": 0.628086,
        "nauc_mrr_at_3_std": 0.135314,
        "nauc_mrr_at_3_diff1": 0.805665,
        "nauc_mrr_at_5_max": 0.635228,
        "nauc_mrr_at_5_std": 0.146746,
        "nauc_mrr_at_5_diff1": 0.808238,
        "nauc_mrr_at_10_max": 0.628283,
        "nauc_mrr_at_10_std": 0.139946,
        "nauc_mrr_at_10_diff1": 0.807778,
        "nauc_mrr_at_20_max": 0.626682,
        "nauc_mrr_at_20_std": 0.137758,
        "nauc_mrr_at_20_diff1": 0.807863,
        "nauc_mrr_at_100_max": 0.625599,
        "nauc_mrr_at_100_std": 0.135823,
        "nauc_mrr_at_100_diff1": 0.808514,
        "nauc_mrr_at_1000_max": 0.625574,
        "nauc_mrr_at_1000_std": 0.135775,
        "nauc_mrr_at_1000_diff1": 0.808501,
        "main_score": 0.88101,
        "hf_subset": "tr",
        "languages": [
          "tur-Latn"
        ]
      }
    ]
  },
  "evaluation_time": 17.80823302268982,
  "kg_co2_emissions": null
}