{
  "dataset_revision": "main",
  "task_name": "ArguAnaTR",
  "mteb_version": "1.31.3",
  "scores": {
    "test": [
      {
        "ndcg_at_1": 0.24893,
        "ndcg_at_3": 0.39453,
        "ndcg_at_5": 0.44445,
        "ndcg_at_10": 0.50269,
        "ndcg_at_20": 0.52954,
        "ndcg_at_100": 0.54375,
        "ndcg_at_1000": 0.54577,
        "map_at_1": 0.24893,
        "map_at_3": 0.35752,
        "map_at_5": 0.38511,
        "map_at_10": 0.40944,
        "map_at_20": 0.41694,
        "map_at_100": 0.41914,
        "map_at_1000": 0.41923,
        "recall_at_1": 0.24893,
        "recall_at_3": 0.50213,
        "recall_at_5": 0.62376,
        "recall_at_10": 0.80228,
        "recall_at_20": 0.90754,
        "recall_at_100": 0.9808,
        "recall_at_1000": 0.99573,
        "precision_at_1": 0.24893,
        "precision_at_3": 0.16738,
        "precision_at_5": 0.12475,
        "precision_at_10": 0.08023,
        "precision_at_20": 0.04538,
        "precision_at_100": 0.00981,
        "precision_at_1000": 0.001,
        "mrr_at_1": 0.248933,
        "mrr_at_3": 0.357515,
        "mrr_at_5": 0.385254,
        "mrr_at_10": 0.40959,
        "mrr_at_20": 0.417092,
        "mrr_at_100": 0.419289,
        "mrr_at_1000": 0.419386,
        "nauc_ndcg_at_1_max": -0.071157,
        "nauc_ndcg_at_1_std": -0.097431,
        "nauc_ndcg_at_1_diff1": 0.110226,
        "nauc_ndcg_at_3_max": -0.052068,
        "nauc_ndcg_at_3_std": -0.078199,
        "nauc_ndcg_at_3_diff1": 0.067163,
        "nauc_ndcg_at_5_max": -0.05253,
        "nauc_ndcg_at_5_std": -0.081069,
        "nauc_ndcg_at_5_diff1": 0.064781,
        "nauc_ndcg_at_10_max": -0.04194,
        "nauc_ndcg_at_10_std": -0.079395,
        "nauc_ndcg_at_10_diff1": 0.068262,
        "nauc_ndcg_at_20_max": -0.032813,
        "nauc_ndcg_at_20_std": -0.07075,
        "nauc_ndcg_at_20_diff1": 0.069925,
        "nauc_ndcg_at_100_max": -0.040827,
        "nauc_ndcg_at_100_std": -0.074289,
        "nauc_ndcg_at_100_diff1": 0.076043,
        "nauc_ndcg_at_1000_max": -0.045694,
        "nauc_ndcg_at_1000_std": -0.078241,
        "nauc_ndcg_at_1000_diff1": 0.073895,
        "nauc_map_at_1_max": -0.071157,
        "nauc_map_at_1_std": -0.097431,
        "nauc_map_at_1_diff1": 0.110226,
        "nauc_map_at_3_max": -0.05841,
        "nauc_map_at_3_std": -0.083128,
        "nauc_map_at_3_diff1": 0.073181,
        "nauc_map_at_5_max": -0.058752,
        "nauc_map_at_5_std": -0.084879,
        "nauc_map_at_5_diff1": 0.07209,
        "nauc_map_at_10_max": -0.055761,
        "nauc_map_at_10_std": -0.085012,
        "nauc_map_at_10_diff1": 0.073532,
        "nauc_map_at_20_max": -0.053586,
        "nauc_map_at_20_std": -0.082876,
        "nauc_map_at_20_diff1": 0.074185,
        "nauc_map_at_100_max": -0.054358,
        "nauc_map_at_100_std": -0.083524,
        "nauc_map_at_100_diff1": 0.075397,
        "nauc_map_at_1000_max": -0.05453,
        "nauc_map_at_1000_std": -0.083674,
        "nauc_map_at_1000_diff1": 0.075333,
        "nauc_recall_at_1_max": -0.071157,
        "nauc_recall_at_1_std": -0.097431,
        "nauc_recall_at_1_diff1": 0.110226,
        "nauc_recall_at_3_max": -0.033731,
        "nauc_recall_at_3_std": -0.064345,
        "nauc_recall_at_3_diff1": 0.052014,
        "nauc_recall_at_5_max": -0.032533,
        "nauc_recall_at_5_std": -0.069429,
        "nauc_recall_at_5_diff1": 0.04342,
        "nauc_recall_at_10_max": 0.035978,
        "nauc_recall_at_10_std": -0.049241,
        "nauc_recall_at_10_diff1": 0.048498,
        "nauc_recall_at_20_max": 0.205786,
        "nauc_recall_at_20_std": 0.070172,
        "nauc_recall_at_20_diff1": 0.043053,
        "nauc_recall_at_100_max": 0.504859,
        "nauc_recall_at_100_std": 0.396327,
        "nauc_recall_at_100_diff1": 0.251651,
        "nauc_recall_at_1000_max": 0.32218,
        "nauc_recall_at_1000_std": 0.369099,
        "nauc_recall_at_1000_diff1": -0.090818,
        "nauc_precision_at_1_max": -0.071157,
        "nauc_precision_at_1_std": -0.097431,
        "nauc_precision_at_1_diff1": 0.110226,
        "nauc_precision_at_3_max": -0.033731,
        "nauc_precision_at_3_std": -0.064345,
        "nauc_precision_at_3_diff1": 0.052014,
        "nauc_precision_at_5_max": -0.032533,
        "nauc_precision_at_5_std": -0.069429,
        "nauc_precision_at_5_diff1": 0.04342,
        "nauc_precision_at_10_max": 0.035978,
        "nauc_precision_at_10_std": -0.049241,
        "nauc_precision_at_10_diff1": 0.048498,
        "nauc_precision_at_20_max": 0.205786,
        "nauc_precision_at_20_std": 0.070172,
        "nauc_precision_at_20_diff1": 0.043053,
        "nauc_precision_at_100_max": 0.504859,
        "nauc_precision_at_100_std": 0.396327,
        "nauc_precision_at_100_diff1": 0.251651,
        "nauc_precision_at_1000_max": 0.32218,
        "nauc_precision_at_1000_std": 0.369099,
        "nauc_precision_at_1000_diff1": -0.090818,
        "nauc_mrr_at_1_max": -0.071157,
        "nauc_mrr_at_1_std": -0.097431,
        "nauc_mrr_at_1_diff1": 0.110226,
        "nauc_mrr_at_3_max": -0.061354,
        "nauc_mrr_at_3_std": -0.082613,
        "nauc_mrr_at_3_diff1": 0.070386,
        "nauc_mrr_at_5_max": -0.059693,
        "nauc_mrr_at_5_std": -0.084563,
        "nauc_mrr_at_5_diff1": 0.071477,
        "nauc_mrr_at_10_max": -0.056921,
        "nauc_mrr_at_10_std": -0.08472,
        "nauc_mrr_at_10_diff1": 0.072644,
        "nauc_mrr_at_20_max": -0.054833,
        "nauc_mrr_at_20_std": -0.082585,
        "nauc_mrr_at_20_diff1": 0.073185,
        "nauc_mrr_at_100_max": -0.055622,
        "nauc_mrr_at_100_std": -0.083232,
        "nauc_mrr_at_100_diff1": 0.07439,
        "nauc_mrr_at_1000_max": -0.055794,
        "nauc_mrr_at_1000_std": -0.083382,
        "nauc_mrr_at_1000_diff1": 0.074326,
        "main_score": 0.50269,
        "hf_subset": "default",
        "languages": [
          "tur-Latn"
        ]
      }
    ]
  },
  "evaluation_time": 256.4309377670288,
  "kg_co2_emissions": null
}