{
  "dataset_revision": "main",
  "task_name": "CQADupstackGamingRetrievalTR",
  "mteb_version": "1.31.3",
  "scores": {
    "test": [
      {
        "ndcg_at_1": 0.41498,
        "ndcg_at_3": 0.49225,
        "ndcg_at_5": 0.51851,
        "ndcg_at_10": 0.54691,
        "ndcg_at_20": 0.56319,
        "ndcg_at_100": 0.58599,
        "ndcg_at_1000": 0.59921,
        "map_at_1": 0.41498,
        "map_at_3": 0.47346,
        "map_at_5": 0.4881,
        "map_at_10": 0.49997,
        "map_at_20": 0.50448,
        "map_at_100": 0.50767,
        "map_at_1000": 0.50813,
        "recall_at_1": 0.41498,
        "recall_at_3": 0.54656,
        "recall_at_5": 0.60999,
        "recall_at_10": 0.69703,
        "recall_at_20": 0.76113,
        "recall_at_100": 0.88327,
        "recall_at_1000": 0.9892,
        "precision_at_1": 0.41498,
        "precision_at_3": 0.18219,
        "precision_at_5": 0.122,
        "precision_at_10": 0.0697,
        "precision_at_20": 0.03806,
        "precision_at_100": 0.00883,
        "precision_at_1000": 0.00099,
        "mrr_at_1": 0.41498,
        "mrr_at_3": 0.473459,
        "mrr_at_5": 0.488102,
        "mrr_at_10": 0.499973,
        "mrr_at_20": 0.504475,
        "mrr_at_100": 0.507669,
        "mrr_at_1000": 0.508126,
        "nauc_ndcg_at_1_max": 0.382433,
        "nauc_ndcg_at_1_std": -0.073,
        "nauc_ndcg_at_1_diff1": 0.700682,
        "nauc_ndcg_at_3_max": 0.398842,
        "nauc_ndcg_at_3_std": -0.045271,
        "nauc_ndcg_at_3_diff1": 0.641282,
        "nauc_ndcg_at_5_max": 0.394233,
        "nauc_ndcg_at_5_std": -0.045784,
        "nauc_ndcg_at_5_diff1": 0.627753,
        "nauc_ndcg_at_10_max": 0.397451,
        "nauc_ndcg_at_10_std": -0.032745,
        "nauc_ndcg_at_10_diff1": 0.617744,
        "nauc_ndcg_at_20_max": 0.401188,
        "nauc_ndcg_at_20_std": -0.028614,
        "nauc_ndcg_at_20_diff1": 0.617365,
        "nauc_ndcg_at_100_max": 0.403661,
        "nauc_ndcg_at_100_std": -0.02475,
        "nauc_ndcg_at_100_diff1": 0.622334,
        "nauc_ndcg_at_1000_max": 0.400527,
        "nauc_ndcg_at_1000_std": -0.032938,
        "nauc_ndcg_at_1000_diff1": 0.630849,
        "nauc_map_at_1_max": 0.382433,
        "nauc_map_at_1_std": -0.073,
        "nauc_map_at_1_diff1": 0.700682,
        "nauc_map_at_3_max": 0.39423,
        "nauc_map_at_3_std": -0.053616,
        "nauc_map_at_3_diff1": 0.654992,
        "nauc_map_at_5_max": 0.391962,
        "nauc_map_at_5_std": -0.053554,
        "nauc_map_at_5_diff1": 0.647856,
        "nauc_map_at_10_max": 0.393245,
        "nauc_map_at_10_std": -0.048249,
        "nauc_map_at_10_diff1": 0.64421,
        "nauc_map_at_20_max": 0.393979,
        "nauc_map_at_20_std": -0.047633,
        "nauc_map_at_20_diff1": 0.644347,
        "nauc_map_at_100_max": 0.394242,
        "nauc_map_at_100_std": -0.047217,
        "nauc_map_at_100_diff1": 0.645115,
        "nauc_map_at_1000_max": 0.394186,
        "nauc_map_at_1000_std": -0.047408,
        "nauc_map_at_1000_diff1": 0.645387,
        "nauc_recall_at_1_max": 0.382433,
        "nauc_recall_at_1_std": -0.073,
        "nauc_recall_at_1_diff1": 0.700682,
        "nauc_recall_at_3_max": 0.413025,
        "nauc_recall_at_3_std": -0.019397,
        "nauc_recall_at_3_diff1": 0.600259,
        "nauc_recall_at_5_max": 0.400617,
        "nauc_recall_at_5_std": -0.020873,
        "nauc_recall_at_5_diff1": 0.561502,
        "nauc_recall_at_10_max": 0.413448,
        "nauc_recall_at_10_std": 0.030674,
        "nauc_recall_at_10_diff1": 0.51209,
        "nauc_recall_at_20_max": 0.440021,
        "nauc_recall_at_20_std": 0.0709,
        "nauc_recall_at_20_diff1": 0.487568,
        "nauc_recall_at_100_max": 0.506727,
        "nauc_recall_at_100_std": 0.206408,
        "nauc_recall_at_100_diff1": 0.442956,
        "nauc_recall_at_1000_max": 0.764456,
        "nauc_recall_at_1000_std": 0.600601,
        "nauc_recall_at_1000_diff1": 0.475625,
        "nauc_precision_at_1_max": 0.382433,
        "nauc_precision_at_1_std": -0.073,
        "nauc_precision_at_1_diff1": 0.700682,
        "nauc_precision_at_3_max": 0.413025,
        "nauc_precision_at_3_std": -0.019397,
        "nauc_precision_at_3_diff1": 0.600259,
        "nauc_precision_at_5_max": 0.400617,
        "nauc_precision_at_5_std": -0.020873,
        "nauc_precision_at_5_diff1": 0.561502,
        "nauc_precision_at_10_max": 0.413448,
        "nauc_precision_at_10_std": 0.030674,
        "nauc_precision_at_10_diff1": 0.51209,
        "nauc_precision_at_20_max": 0.440021,
        "nauc_precision_at_20_std": 0.0709,
        "nauc_precision_at_20_diff1": 0.487568,
        "nauc_precision_at_100_max": 0.506727,
        "nauc_precision_at_100_std": 0.206408,
        "nauc_precision_at_100_diff1": 0.442956,
        "nauc_precision_at_1000_max": 0.764456,
        "nauc_precision_at_1000_std": 0.600601,
        "nauc_precision_at_1000_diff1": 0.475625,
        "nauc_mrr_at_1_max": 0.382433,
        "nauc_mrr_at_1_std": -0.073,
        "nauc_mrr_at_1_diff1": 0.700682,
        "nauc_mrr_at_3_max": 0.39423,
        "nauc_mrr_at_3_std": -0.053616,
        "nauc_mrr_at_3_diff1": 0.654992,
        "nauc_mrr_at_5_max": 0.391962,
        "nauc_mrr_at_5_std": -0.053554,
        "nauc_mrr_at_5_diff1": 0.647856,
        "nauc_mrr_at_10_max": 0.393245,
        "nauc_mrr_at_10_std": -0.048249,
        "nauc_mrr_at_10_diff1": 0.64421,
        "nauc_mrr_at_20_max": 0.393979,
        "nauc_mrr_at_20_std": -0.047633,
        "nauc_mrr_at_20_diff1": 0.644347,
        "nauc_mrr_at_100_max": 0.394242,
        "nauc_mrr_at_100_std": -0.047217,
        "nauc_mrr_at_100_diff1": 0.645115,
        "nauc_mrr_at_1000_max": 0.394186,
        "nauc_mrr_at_1000_std": -0.047408,
        "nauc_mrr_at_1000_diff1": 0.645387,
        "main_score": 0.54691,
        "hf_subset": "default",
        "languages": [
          "tur-Latn"
        ]
      }
    ]
  },
  "evaluation_time": 37.630406856536865,
  "kg_co2_emissions": null
}