{
  "dataset_revision": "main",
  "task_name": "FiQA2018TR",
  "mteb_version": "1.31.3",
  "scores": {
    "test": [
      {
        "ndcg_at_1": 0.24074,
        "ndcg_at_3": 0.33785,
        "ndcg_at_5": 0.369,
        "ndcg_at_10": 0.40471,
        "ndcg_at_20": 0.42754,
        "ndcg_at_100": 0.45945,
        "ndcg_at_1000": 0.4769,
        "map_at_1": 0.24074,
        "map_at_3": 0.3143,
        "map_at_5": 0.33158,
        "map_at_10": 0.34649,
        "map_at_20": 0.35266,
        "map_at_100": 0.35723,
        "map_at_1000": 0.35786,
        "recall_at_1": 0.24074,
        "recall_at_3": 0.40586,
        "recall_at_5": 0.48148,
        "recall_at_10": 0.59105,
        "recall_at_20": 0.6821,
        "recall_at_100": 0.85185,
        "recall_at_1000": 0.99074,
        "precision_at_1": 0.24074,
        "precision_at_3": 0.13529,
        "precision_at_5": 0.0963,
        "precision_at_10": 0.0591,
        "precision_at_20": 0.0341,
        "precision_at_100": 0.00852,
        "precision_at_1000": 0.00099,
        "mrr_at_1": 0.240741,
        "mrr_at_3": 0.3143,
        "mrr_at_5": 0.331584,
        "mrr_at_10": 0.346491,
        "mrr_at_20": 0.352658,
        "mrr_at_100": 0.357234,
        "mrr_at_1000": 0.357863,
        "nauc_ndcg_at_1_max": 0.107883,
        "nauc_ndcg_at_1_std": -0.08508,
        "nauc_ndcg_at_1_diff1": 0.390049,
        "nauc_ndcg_at_3_max": 0.151415,
        "nauc_ndcg_at_3_std": -0.056291,
        "nauc_ndcg_at_3_diff1": 0.32247,
        "nauc_ndcg_at_5_max": 0.161657,
        "nauc_ndcg_at_5_std": -0.053905,
        "nauc_ndcg_at_5_diff1": 0.312086,
        "nauc_ndcg_at_10_max": 0.180479,
        "nauc_ndcg_at_10_std": -0.042732,
        "nauc_ndcg_at_10_diff1": 0.314625,
        "nauc_ndcg_at_20_max": 0.177798,
        "nauc_ndcg_at_20_std": -0.041988,
        "nauc_ndcg_at_20_diff1": 0.309429,
        "nauc_ndcg_at_100_max": 0.177256,
        "nauc_ndcg_at_100_std": -0.037969,
        "nauc_ndcg_at_100_diff1": 0.319476,
        "nauc_ndcg_at_1000_max": 0.166614,
        "nauc_ndcg_at_1000_std": -0.044826,
        "nauc_ndcg_at_1000_diff1": 0.321627,
        "nauc_map_at_1_max": 0.107883,
        "nauc_map_at_1_std": -0.08508,
        "nauc_map_at_1_diff1": 0.390049,
        "nauc_map_at_3_max": 0.140116,
        "nauc_map_at_3_std": -0.062756,
        "nauc_map_at_3_diff1": 0.334039,
        "nauc_map_at_5_max": 0.146108,
        "nauc_map_at_5_std": -0.061329,
        "nauc_map_at_5_diff1": 0.328449,
        "nauc_map_at_10_max": 0.15375,
        "nauc_map_at_10_std": -0.056826,
        "nauc_map_at_10_diff1": 0.329868,
        "nauc_map_at_20_max": 0.152594,
        "nauc_map_at_20_std": -0.05681,
        "nauc_map_at_20_diff1": 0.328593,
        "nauc_map_at_100_max": 0.152382,
        "nauc_map_at_100_std": -0.056569,
        "nauc_map_at_100_diff1": 0.329891,
        "nauc_map_at_1000_max": 0.151936,
        "nauc_map_at_1000_std": -0.056678,
        "nauc_map_at_1000_diff1": 0.329905,
        "nauc_recall_at_1_max": 0.107883,
        "nauc_recall_at_1_std": -0.08508,
        "nauc_recall_at_1_diff1": 0.390049,
        "nauc_recall_at_3_max": 0.182268,
        "nauc_recall_at_3_std": -0.038974,
        "nauc_recall_at_3_diff1": 0.292861,
        "nauc_recall_at_5_max": 0.205816,
        "nauc_recall_at_5_std": -0.033434,
        "nauc_recall_at_5_diff1": 0.267126,
        "nauc_recall_at_10_max": 0.270009,
        "nauc_recall_at_10_std": 0.004262,
        "nauc_recall_at_10_diff1": 0.269524,
        "nauc_recall_at_20_max": 0.275457,
        "nauc_recall_at_20_std": 0.016608,
        "nauc_recall_at_20_diff1": 0.237707,
        "nauc_recall_at_100_max": 0.352755,
        "nauc_recall_at_100_std": 0.117856,
        "nauc_recall_at_100_diff1": 0.290476,
        "nauc_recall_at_1000_max": 0.466434,
        "nauc_recall_at_1000_std": 0.488228,
        "nauc_recall_at_1000_diff1": 0.5009,
        "nauc_precision_at_1_max": 0.107883,
        "nauc_precision_at_1_std": -0.08508,
        "nauc_precision_at_1_diff1": 0.390049,
        "nauc_precision_at_3_max": 0.182268,
        "nauc_precision_at_3_std": -0.038974,
        "nauc_precision_at_3_diff1": 0.292861,
        "nauc_precision_at_5_max": 0.205816,
        "nauc_precision_at_5_std": -0.033434,
        "nauc_precision_at_5_diff1": 0.267126,
        "nauc_precision_at_10_max": 0.270009,
        "nauc_precision_at_10_std": 0.004262,
        "nauc_precision_at_10_diff1": 0.269524,
        "nauc_precision_at_20_max": 0.275457,
        "nauc_precision_at_20_std": 0.016608,
        "nauc_precision_at_20_diff1": 0.237707,
        "nauc_precision_at_100_max": 0.352755,
        "nauc_precision_at_100_std": 0.117856,
        "nauc_precision_at_100_diff1": 0.290476,
        "nauc_precision_at_1000_max": 0.466434,
        "nauc_precision_at_1000_std": 0.488228,
        "nauc_precision_at_1000_diff1": 0.5009,
        "nauc_mrr_at_1_max": 0.107883,
        "nauc_mrr_at_1_std": -0.08508,
        "nauc_mrr_at_1_diff1": 0.390049,
        "nauc_mrr_at_3_max": 0.140116,
        "nauc_mrr_at_3_std": -0.062756,
        "nauc_mrr_at_3_diff1": 0.334039,
        "nauc_mrr_at_5_max": 0.146108,
        "nauc_mrr_at_5_std": -0.061329,
        "nauc_mrr_at_5_diff1": 0.328449,
        "nauc_mrr_at_10_max": 0.15375,
        "nauc_mrr_at_10_std": -0.056826,
        "nauc_mrr_at_10_diff1": 0.329868,
        "nauc_mrr_at_20_max": 0.152594,
        "nauc_mrr_at_20_std": -0.05681,
        "nauc_mrr_at_20_diff1": 0.328593,
        "nauc_mrr_at_100_max": 0.152382,
        "nauc_mrr_at_100_std": -0.056569,
        "nauc_mrr_at_100_diff1": 0.329891,
        "nauc_mrr_at_1000_max": 0.151936,
        "nauc_mrr_at_1000_std": -0.056678,
        "nauc_mrr_at_1000_diff1": 0.329905,
        "main_score": 0.40471,
        "hf_subset": "default",
        "languages": [
          "tur-Latn"
        ]
      }
    ]
  },
  "evaluation_time": 51.49097490310669,
  "kg_co2_emissions": null
}