{
  "dataset_revision": "main",
  "task_name": "MSMarcoTRRetrieval",
  "mteb_version": "1.31.3",
  "scores": {
    "test": [
      {
        "ndcg_at_1": 0.51491,
        "ndcg_at_3": 0.54176,
        "ndcg_at_5": 0.54473,
        "ndcg_at_10": 0.54837,
        "ndcg_at_20": 0.55034,
        "ndcg_at_100": 0.552,
        "ndcg_at_1000": 0.55276,
        "map_at_1": 0.51491,
        "map_at_3": 0.53545,
        "map_at_5": 0.53707,
        "map_at_10": 0.53857,
        "map_at_20": 0.53911,
        "map_at_100": 0.53935,
        "map_at_1000": 0.53938,
        "recall_at_1": 0.51491,
        "recall_at_3": 0.5599,
        "recall_at_5": 0.56724,
        "recall_at_10": 0.57848,
        "recall_at_20": 0.58631,
        "recall_at_100": 0.59511,
        "recall_at_1000": 0.60098,
        "precision_at_1": 0.51491,
        "precision_at_3": 0.18663,
        "precision_at_5": 0.11345,
        "precision_at_10": 0.05785,
        "precision_at_20": 0.02932,
        "precision_at_100": 0.00595,
        "precision_at_1000": 0.0006,
        "mrr_at_1": 0.514914,
        "mrr_at_3": 0.535452,
        "mrr_at_5": 0.537066,
        "mrr_at_10": 0.53857,
        "mrr_at_20": 0.539109,
        "mrr_at_100": 0.539346,
        "mrr_at_1000": 0.539376,
        "nauc_ndcg_at_1_max": 0.720668,
        "nauc_ndcg_at_1_std": 0.081311,
        "nauc_ndcg_at_1_diff1": 0.858451,
        "nauc_ndcg_at_3_max": 0.726655,
        "nauc_ndcg_at_3_std": 0.106412,
        "nauc_ndcg_at_3_diff1": 0.833973,
        "nauc_ndcg_at_5_max": 0.724024,
        "nauc_ndcg_at_5_std": 0.111429,
        "nauc_ndcg_at_5_diff1": 0.829886,
        "nauc_ndcg_at_10_max": 0.721336,
        "nauc_ndcg_at_10_std": 0.112753,
        "nauc_ndcg_at_10_diff1": 0.824463,
        "nauc_ndcg_at_20_max": 0.719452,
        "nauc_ndcg_at_20_std": 0.113039,
        "nauc_ndcg_at_20_diff1": 0.822391,
        "nauc_ndcg_at_100_max": 0.717351,
        "nauc_ndcg_at_100_std": 0.113493,
        "nauc_ndcg_at_100_diff1": 0.82119,
        "nauc_ndcg_at_1000_max": 0.716347,
        "nauc_ndcg_at_1000_std": 0.11336,
        "nauc_ndcg_at_1000_diff1": 0.820319,
        "nauc_map_at_1_max": 0.720668,
        "nauc_map_at_1_std": 0.081311,
        "nauc_map_at_1_diff1": 0.858451,
        "nauc_map_at_3_max": 0.725644,
        "nauc_map_at_3_std": 0.100434,
        "nauc_map_at_3_diff1": 0.839827,
        "nauc_map_at_5_max": 0.724228,
        "nauc_map_at_5_std": 0.103177,
        "nauc_map_at_5_diff1": 0.83765,
        "nauc_map_at_10_max": 0.723184,
        "nauc_map_at_10_std": 0.103701,
        "nauc_map_at_10_diff1": 0.835442,
        "nauc_map_at_20_max": 0.722673,
        "nauc_map_at_20_std": 0.103769,
        "nauc_map_at_20_diff1": 0.834908,
        "nauc_map_at_100_max": 0.722383,
        "nauc_map_at_100_std": 0.103846,
        "nauc_map_at_100_diff1": 0.834746,
        "nauc_map_at_1000_max": 0.722343,
        "nauc_map_at_1000_std": 0.103842,
        "nauc_map_at_1000_diff1": 0.834711,
        "nauc_recall_at_1_max": 0.720668,
        "nauc_recall_at_1_std": 0.081311,
        "nauc_recall_at_1_diff1": 0.858451,
        "nauc_recall_at_3_max": 0.729455,
        "nauc_recall_at_3_std": 0.124033,
        "nauc_recall_at_3_diff1": 0.816707,
        "nauc_recall_at_5_max": 0.722786,
        "nauc_recall_at_5_std": 0.136696,
        "nauc_recall_at_5_diff1": 0.806128,
        "nauc_recall_at_10_max": 0.713887,
        "nauc_recall_at_10_std": 0.141266,
        "nauc_recall_at_10_diff1": 0.788535,
        "nauc_recall_at_20_max": 0.706073,
        "nauc_recall_at_20_std": 0.142709,
        "nauc_recall_at_20_diff1": 0.779505,
        "nauc_recall_at_100_max": 0.694199,
        "nauc_recall_at_100_std": 0.145226,
        "nauc_recall_at_100_diff1": 0.772377,
        "nauc_recall_at_1000_max": 0.685928,
        "nauc_recall_at_1000_std": 0.144166,
        "nauc_recall_at_1000_diff1": 0.76497,
        "nauc_precision_at_1_max": 0.720668,
        "nauc_precision_at_1_std": 0.081311,
        "nauc_precision_at_1_diff1": 0.858451,
        "nauc_precision_at_3_max": 0.729455,
        "nauc_precision_at_3_std": 0.124033,
        "nauc_precision_at_3_diff1": 0.816707,
        "nauc_precision_at_5_max": 0.722786,
        "nauc_precision_at_5_std": 0.136696,
        "nauc_precision_at_5_diff1": 0.806128,
        "nauc_precision_at_10_max": 0.713887,
        "nauc_precision_at_10_std": 0.141266,
        "nauc_precision_at_10_diff1": 0.788535,
        "nauc_precision_at_20_max": 0.706073,
        "nauc_precision_at_20_std": 0.142709,
        "nauc_precision_at_20_diff1": 0.779505,
        "nauc_precision_at_100_max": 0.694199,
        "nauc_precision_at_100_std": 0.145226,
        "nauc_precision_at_100_diff1": 0.772377,
        "nauc_precision_at_1000_max": 0.685928,
        "nauc_precision_at_1000_std": 0.144166,
        "nauc_precision_at_1000_diff1": 0.76497,
        "nauc_mrr_at_1_max": 0.720668,
        "nauc_mrr_at_1_std": 0.081311,
        "nauc_mrr_at_1_diff1": 0.858451,
        "nauc_mrr_at_3_max": 0.725644,
        "nauc_mrr_at_3_std": 0.100434,
        "nauc_mrr_at_3_diff1": 0.839827,
        "nauc_mrr_at_5_max": 0.724228,
        "nauc_mrr_at_5_std": 0.103177,
        "nauc_mrr_at_5_diff1": 0.83765,
        "nauc_mrr_at_10_max": 0.723184,
        "nauc_mrr_at_10_std": 0.103701,
        "nauc_mrr_at_10_diff1": 0.835442,
        "nauc_mrr_at_20_max": 0.722673,
        "nauc_mrr_at_20_std": 0.103769,
        "nauc_mrr_at_20_diff1": 0.834908,
        "nauc_mrr_at_100_max": 0.722383,
        "nauc_mrr_at_100_std": 0.103846,
        "nauc_mrr_at_100_diff1": 0.834746,
        "nauc_mrr_at_1000_max": 0.722343,
        "nauc_mrr_at_1000_std": 0.103842,
        "nauc_mrr_at_1000_diff1": 0.834711,
        "main_score": 0.54837,
        "hf_subset": "default",
        "languages": [
          "tur-Latn"
        ]
      }
    ]
  },
  "evaluation_time": 20.30825710296631,
  "kg_co2_emissions": null
}