{
  "dataset_revision": "main",
  "task_name": "NFCorpusTR",
  "mteb_version": "1.31.3",
  "scores": {
    "test": [
      {
        "ndcg_at_1": 0.05512,
        "ndcg_at_3": 0.07293,
        "ndcg_at_5": 0.08632,
        "ndcg_at_10": 0.09134,
        "ndcg_at_20": 0.10455,
        "ndcg_at_100": 0.1378,
        "ndcg_at_1000": 0.19398,
        "map_at_1": 0.05512,
        "map_at_3": 0.06824,
        "map_at_5": 0.07592,
        "map_at_10": 0.07795,
        "map_at_20": 0.08172,
        "map_at_100": 0.08594,
        "map_at_1000": 0.08745,
        "recall_at_1": 0.05512,
        "recall_at_3": 0.08661,
        "recall_at_5": 0.11811,
        "recall_at_10": 0.13386,
        "recall_at_20": 0.18504,
        "recall_at_100": 0.37008,
        "recall_at_1000": 0.84646,
        "precision_at_1": 0.05512,
        "precision_at_3": 0.02887,
        "precision_at_5": 0.02362,
        "precision_at_10": 0.01339,
        "precision_at_20": 0.00925,
        "precision_at_100": 0.0037,
        "precision_at_1000": 0.00085,
        "mrr_at_1": 0.055118,
        "mrr_at_3": 0.068241,
        "mrr_at_5": 0.075919,
        "mrr_at_10": 0.077953,
        "mrr_at_20": 0.081717,
        "mrr_at_100": 0.085937,
        "mrr_at_1000": 0.087452,
        "nauc_ndcg_at_1_max": 0.043436,
        "nauc_ndcg_at_1_std": -0.201281,
        "nauc_ndcg_at_1_diff1": 0.639702,
        "nauc_ndcg_at_3_max": 0.107606,
        "nauc_ndcg_at_3_std": -0.079275,
        "nauc_ndcg_at_3_diff1": 0.53194,
        "nauc_ndcg_at_5_max": 0.122658,
        "nauc_ndcg_at_5_std": -0.036027,
        "nauc_ndcg_at_5_diff1": 0.464045,
        "nauc_ndcg_at_10_max": 0.105256,
        "nauc_ndcg_at_10_std": -0.032481,
        "nauc_ndcg_at_10_diff1": 0.434895,
        "nauc_ndcg_at_20_max": 0.11777,
        "nauc_ndcg_at_20_std": 0.002358,
        "nauc_ndcg_at_20_diff1": 0.403713,
        "nauc_ndcg_at_100_max": 0.139652,
        "nauc_ndcg_at_100_std": 0.053105,
        "nauc_ndcg_at_100_diff1": 0.352878,
        "nauc_ndcg_at_1000_max": 0.142125,
        "nauc_ndcg_at_1000_std": 0.040423,
        "nauc_ndcg_at_1000_diff1": 0.368992,
        "nauc_map_at_1_max": 0.043436,
        "nauc_map_at_1_std": -0.201281,
        "nauc_map_at_1_diff1": 0.639702,
        "nauc_map_at_3_max": 0.094119,
        "nauc_map_at_3_std": -0.103344,
        "nauc_map_at_3_diff1": 0.554555,
        "nauc_map_at_5_max": 0.105775,
        "nauc_map_at_5_std": -0.07283,
        "nauc_map_at_5_diff1": 0.509534,
        "nauc_map_at_10_max": 0.097451,
        "nauc_map_at_10_std": -0.071323,
        "nauc_map_at_10_diff1": 0.495865,
        "nauc_map_at_20_max": 0.102572,
        "nauc_map_at_20_std": -0.056919,
        "nauc_map_at_20_diff1": 0.48388,
        "nauc_map_at_100_max": 0.108668,
        "nauc_map_at_100_std": -0.044519,
        "nauc_map_at_100_diff1": 0.473912,
        "nauc_map_at_1000_max": 0.108508,
        "nauc_map_at_1000_std": -0.04492,
        "nauc_map_at_1000_diff1": 0.47391,
        "nauc_recall_at_1_max": 0.043436,
        "nauc_recall_at_1_std": -0.201281,
        "nauc_recall_at_1_diff1": 0.639702,
        "nauc_recall_at_3_max": 0.138593,
        "nauc_recall_at_3_std": -0.024453,
        "nauc_recall_at_3_diff1": 0.479993,
        "nauc_recall_at_5_max": 0.155855,
        "nauc_recall_at_5_std": 0.037672,
        "nauc_recall_at_5_diff1": 0.370334,
        "nauc_recall_at_10_max": 0.116021,
        "nauc_recall_at_10_std": 0.042012,
        "nauc_recall_at_10_diff1": 0.310929,
        "nauc_recall_at_20_max": 0.14172,
        "nauc_recall_at_20_std": 0.104837,
        "nauc_recall_at_20_diff1": 0.260526,
        "nauc_recall_at_100_max": 0.18702,
        "nauc_recall_at_100_std": 0.207967,
        "nauc_recall_at_100_diff1": 0.15012,
        "nauc_recall_at_1000_max": 0.272201,
        "nauc_recall_at_1000_std": 0.284014,
        "nauc_recall_at_1000_diff1": 0.050563,
        "nauc_precision_at_1_max": 0.043436,
        "nauc_precision_at_1_std": -0.201281,
        "nauc_precision_at_1_diff1": 0.639702,
        "nauc_precision_at_3_max": 0.138593,
        "nauc_precision_at_3_std": -0.024453,
        "nauc_precision_at_3_diff1": 0.479993,
        "nauc_precision_at_5_max": 0.155855,
        "nauc_precision_at_5_std": 0.037672,
        "nauc_precision_at_5_diff1": 0.370334,
        "nauc_precision_at_10_max": 0.116021,
        "nauc_precision_at_10_std": 0.042012,
        "nauc_precision_at_10_diff1": 0.310929,
        "nauc_precision_at_20_max": 0.14172,
        "nauc_precision_at_20_std": 0.104837,
        "nauc_precision_at_20_diff1": 0.260526,
        "nauc_precision_at_100_max": 0.18702,
        "nauc_precision_at_100_std": 0.207967,
        "nauc_precision_at_100_diff1": 0.15012,
        "nauc_precision_at_1000_max": 0.272201,
        "nauc_precision_at_1000_std": 0.284014,
        "nauc_precision_at_1000_diff1": 0.050563,
        "nauc_mrr_at_1_max": 0.043436,
        "nauc_mrr_at_1_std": -0.201281,
        "nauc_mrr_at_1_diff1": 0.639702,
        "nauc_mrr_at_3_max": 0.094119,
        "nauc_mrr_at_3_std": -0.103344,
        "nauc_mrr_at_3_diff1": 0.554555,
        "nauc_mrr_at_5_max": 0.105775,
        "nauc_mrr_at_5_std": -0.07283,
        "nauc_mrr_at_5_diff1": 0.509534,
        "nauc_mrr_at_10_max": 0.097451,
        "nauc_mrr_at_10_std": -0.071323,
        "nauc_mrr_at_10_diff1": 0.495865,
        "nauc_mrr_at_20_max": 0.102572,
        "nauc_mrr_at_20_std": -0.056919,
        "nauc_mrr_at_20_diff1": 0.48388,
        "nauc_mrr_at_100_max": 0.108668,
        "nauc_mrr_at_100_std": -0.044519,
        "nauc_mrr_at_100_diff1": 0.473912,
        "nauc_mrr_at_1000_max": 0.108508,
        "nauc_mrr_at_1000_std": -0.04492,
        "nauc_mrr_at_1000_diff1": 0.47391,
        "main_score": 0.09134,
        "hf_subset": "default",
        "languages": [
          "tur-Latn"
        ]
      }
    ]
  },
  "evaluation_time": 50.132030963897705,
  "kg_co2_emissions": null
}