{
  "dataset_revision": "main",
  "task_name": "QuoraRetrievalTR",
  "mteb_version": "1.31.3",
  "scores": {
    "test": [
      {
        "ndcg_at_1": 0.88913,
        "ndcg_at_3": 0.93468,
        "ndcg_at_5": 0.93947,
        "ndcg_at_10": 0.94284,
        "ndcg_at_20": 0.94478,
        "ndcg_at_100": 0.94529,
        "ndcg_at_1000": 0.94557,
        "map_at_1": 0.88913,
        "map_at_3": 0.92398,
        "map_at_5": 0.92667,
        "map_at_10": 0.92806,
        "map_at_20": 0.92859,
        "map_at_100": 0.92866,
        "map_at_1000": 0.92867,
        "recall_at_1": 0.88913,
        "recall_at_3": 0.96542,
        "recall_at_5": 0.97695,
        "recall_at_10": 0.98738,
        "recall_at_20": 0.99506,
        "recall_at_100": 0.9978,
        "recall_at_1000": 1.0,
        "precision_at_1": 0.88913,
        "precision_at_3": 0.32181,
        "precision_at_5": 0.19539,
        "precision_at_10": 0.09874,
        "precision_at_20": 0.04975,
        "precision_at_100": 0.00998,
        "precision_at_1000": 0.001,
        "mrr_at_1": 0.889682,
        "mrr_at_3": 0.924259,
        "mrr_at_5": 0.926948,
        "mrr_at_10": 0.928332,
        "mrr_at_20": 0.928867,
        "mrr_at_100": 0.928937,
        "mrr_at_1000": 0.928947,
        "nauc_ndcg_at_1_max": 0.421052,
        "nauc_ndcg_at_1_std": -0.454479,
        "nauc_ndcg_at_1_diff1": 0.87086,
        "nauc_ndcg_at_3_max": 0.479702,
        "nauc_ndcg_at_3_std": -0.509353,
        "nauc_ndcg_at_3_diff1": 0.863414,
        "nauc_ndcg_at_5_max": 0.481707,
        "nauc_ndcg_at_5_std": -0.512985,
        "nauc_ndcg_at_5_diff1": 0.864414,
        "nauc_ndcg_at_10_max": 0.477931,
        "nauc_ndcg_at_10_std": -0.490745,
        "nauc_ndcg_at_10_diff1": 0.871099,
        "nauc_ndcg_at_20_max": 0.472333,
        "nauc_ndcg_at_20_std": -0.485495,
        "nauc_ndcg_at_20_diff1": 0.868788,
        "nauc_ndcg_at_100_max": 0.468111,
        "nauc_ndcg_at_100_std": -0.482237,
        "nauc_ndcg_at_100_diff1": 0.868357,
        "nauc_ndcg_at_1000_max": 0.46537,
        "nauc_ndcg_at_1000_std": -0.485918,
        "nauc_ndcg_at_1000_diff1": 0.867829,
        "nauc_map_at_1_max": 0.421052,
        "nauc_map_at_1_std": -0.454479,
        "nauc_map_at_1_diff1": 0.87086,
        "nauc_map_at_3_max": 0.461829,
        "nauc_map_at_3_std": -0.491207,
        "nauc_map_at_3_diff1": 0.86552,
        "nauc_map_at_5_max": 0.461945,
        "nauc_map_at_5_std": -0.492191,
        "nauc_map_at_5_diff1": 0.866072,
        "nauc_map_at_10_max": 0.460081,
        "nauc_map_at_10_std": -0.484676,
        "nauc_map_at_10_diff1": 0.868115,
        "nauc_map_at_20_max": 0.458751,
        "nauc_map_at_20_std": -0.483685,
        "nauc_map_at_20_diff1": 0.86758,
        "nauc_map_at_100_max": 0.458273,
        "nauc_map_at_100_std": -0.483393,
        "nauc_map_at_100_diff1": 0.86754,
        "nauc_map_at_1000_max": 0.458198,
        "nauc_map_at_1000_std": -0.483507,
        "nauc_map_at_1000_diff1": 0.867524,
        "nauc_recall_at_1_max": 0.421052,
        "nauc_recall_at_1_std": -0.454479,
        "nauc_recall_at_1_diff1": 0.87086,
        "nauc_recall_at_3_max": 0.589603,
        "nauc_recall_at_3_std": -0.622417,
        "nauc_recall_at_3_diff1": 0.850638,
        "nauc_recall_at_5_max": 0.659081,
        "nauc_recall_at_5_std": -0.702007,
        "nauc_recall_at_5_diff1": 0.850359,
        "nauc_recall_at_10_max": 0.760367,
        "nauc_recall_at_10_std": -0.54385,
        "nauc_recall_at_10_diff1": 0.93678,
        "nauc_recall_at_20_max": 0.954619,
        "nauc_recall_at_20_std": -0.381255,
        "nauc_recall_at_20_diff1": 0.940097,
        "nauc_recall_at_100_max": 1.0,
        "nauc_recall_at_100_std": 0.204929,
        "nauc_recall_at_100_diff1": 0.967324,
        "nauc_recall_at_1000_max": NaN,
        "nauc_recall_at_1000_std": NaN,
        "nauc_recall_at_1000_diff1": NaN,
        "nauc_precision_at_1_max": 0.421052,
        "nauc_precision_at_1_std": -0.454479,
        "nauc_precision_at_1_diff1": 0.87086,
        "nauc_precision_at_3_max": 0.589603,
        "nauc_precision_at_3_std": -0.622417,
        "nauc_precision_at_3_diff1": 0.850638,
        "nauc_precision_at_5_max": 0.659081,
        "nauc_precision_at_5_std": -0.702007,
        "nauc_precision_at_5_diff1": 0.850359,
        "nauc_precision_at_10_max": 0.760367,
        "nauc_precision_at_10_std": -0.54385,
        "nauc_precision_at_10_diff1": 0.93678,
        "nauc_precision_at_20_max": 0.954619,
        "nauc_precision_at_20_std": -0.381255,
        "nauc_precision_at_20_diff1": 0.940097,
        "nauc_precision_at_100_max": 1.0,
        "nauc_precision_at_100_std": 0.204929,
        "nauc_precision_at_100_diff1": 0.967324,
        "nauc_precision_at_1000_max": 1.0,
        "nauc_precision_at_1000_std": 1.0,
        "nauc_precision_at_1000_diff1": 1.0,
        "nauc_mrr_at_1_max": 0.431665,
        "nauc_mrr_at_1_std": -0.447699,
        "nauc_mrr_at_1_diff1": 0.869636,
        "nauc_mrr_at_3_max": 0.469662,
        "nauc_mrr_at_3_std": -0.486403,
        "nauc_mrr_at_3_diff1": 0.864614,
        "nauc_mrr_at_5_max": 0.470069,
        "nauc_mrr_at_5_std": -0.487212,
        "nauc_mrr_at_5_diff1": 0.865135,
        "nauc_mrr_at_10_max": 0.468357,
        "nauc_mrr_at_10_std": -0.479574,
        "nauc_mrr_at_10_diff1": 0.867166,
        "nauc_mrr_at_20_max": 0.467086,
        "nauc_mrr_at_20_std": -0.478541,
        "nauc_mrr_at_20_diff1": 0.866622,
        "nauc_mrr_at_100_max": 0.466614,
        "nauc_mrr_at_100_std": -0.478243,
        "nauc_mrr_at_100_diff1": 0.866582,
        "nauc_mrr_at_1000_max": 0.46654,
        "nauc_mrr_at_1000_std": -0.478357,
        "nauc_mrr_at_1000_diff1": 0.866565,
        "main_score": 0.94284,
        "hf_subset": "default",
        "languages": [
          "tur-Latn"
        ]
      }
    ]
  },
  "evaluation_time": 17.16706418991089,
  "kg_co2_emissions": null
}