{
  "dataset_revision": "main",
  "task_name": "SCIDOCSTR",
  "mteb_version": "1.31.3",
  "scores": {
    "test": [
      {
        "ndcg_at_1": 0.01449,
        "ndcg_at_3": 0.02446,
        "ndcg_at_5": 0.02767,
        "ndcg_at_10": 0.0326,
        "ndcg_at_20": 0.03592,
        "ndcg_at_100": 0.04845,
        "ndcg_at_1000": 0.09857,
        "map_at_1": 0.01449,
        "map_at_3": 0.02211,
        "map_at_5": 0.02389,
        "map_at_10": 0.02586,
        "map_at_20": 0.02673,
        "map_at_100": 0.02821,
        "map_at_1000": 0.02934,
        "recall_at_1": 0.01449,
        "recall_at_3": 0.03122,
        "recall_at_5": 0.03902,
        "recall_at_10": 0.05463,
        "recall_at_20": 0.068,
        "recall_at_100": 0.13935,
        "recall_at_1000": 0.57971,
        "precision_at_1": 0.01449,
        "precision_at_3": 0.01041,
        "precision_at_5": 0.0078,
        "precision_at_10": 0.00546,
        "precision_at_20": 0.0034,
        "precision_at_100": 0.00139,
        "precision_at_1000": 0.00058,
        "mrr_at_1": 0.014493,
        "mrr_at_3": 0.022111,
        "mrr_at_5": 0.023894,
        "mrr_at_10": 0.025856,
        "mrr_at_20": 0.026732,
        "mrr_at_100": 0.028208,
        "mrr_at_1000": 0.029339,
        "nauc_ndcg_at_1_max": 0.053289,
        "nauc_ndcg_at_1_std": 0.040241,
        "nauc_ndcg_at_1_diff1": 0.28341,
        "nauc_ndcg_at_3_max": 0.202501,
        "nauc_ndcg_at_3_std": 0.113943,
        "nauc_ndcg_at_3_diff1": 0.318229,
        "nauc_ndcg_at_5_max": 0.189001,
        "nauc_ndcg_at_5_std": 0.111956,
        "nauc_ndcg_at_5_diff1": 0.25644,
        "nauc_ndcg_at_10_max": 0.132618,
        "nauc_ndcg_at_10_std": 0.086521,
        "nauc_ndcg_at_10_diff1": 0.222635,
        "nauc_ndcg_at_20_max": 0.130633,
        "nauc_ndcg_at_20_std": 0.077326,
        "nauc_ndcg_at_20_diff1": 0.205194,
        "nauc_ndcg_at_100_max": 0.090894,
        "nauc_ndcg_at_100_std": 0.060511,
        "nauc_ndcg_at_100_diff1": 0.148029,
        "nauc_ndcg_at_1000_max": 0.067937,
        "nauc_ndcg_at_1000_std": 0.02145,
        "nauc_ndcg_at_1000_diff1": 0.144834,
        "nauc_map_at_1_max": 0.053289,
        "nauc_map_at_1_std": 0.040241,
        "nauc_map_at_1_diff1": 0.28341,
        "nauc_map_at_3_max": 0.182239,
        "nauc_map_at_3_std": 0.101723,
        "nauc_map_at_3_diff1": 0.316554,
        "nauc_map_at_5_max": 0.173942,
        "nauc_map_at_5_std": 0.101005,
        "nauc_map_at_5_diff1": 0.277251,
        "nauc_map_at_10_max": 0.146277,
        "nauc_map_at_10_std": 0.08828,
        "nauc_map_at_10_diff1": 0.259334,
        "nauc_map_at_20_max": 0.145306,
        "nauc_map_at_20_std": 0.084671,
        "nauc_map_at_20_diff1": 0.25177,
        "nauc_map_at_100_max": 0.133471,
        "nauc_map_at_100_std": 0.078664,
        "nauc_map_at_100_diff1": 0.236189,
        "nauc_map_at_1000_max": 0.133057,
        "nauc_map_at_1000_std": 0.076428,
        "nauc_map_at_1000_diff1": 0.233855,
        "nauc_recall_at_1_max": 0.053289,
        "nauc_recall_at_1_std": 0.040241,
        "nauc_recall_at_1_diff1": 0.28341,
        "nauc_recall_at_3_max": 0.242946,
        "nauc_recall_at_3_std": 0.139089,
        "nauc_recall_at_3_diff1": 0.320535,
        "nauc_recall_at_5_max": 0.214486,
        "nauc_recall_at_5_std": 0.131534,
        "nauc_recall_at_5_diff1": 0.212957,
        "nauc_recall_at_10_max": 0.101859,
        "nauc_recall_at_10_std": 0.079798,
        "nauc_recall_at_10_diff1": 0.159886,
        "nauc_recall_at_20_max": 0.103103,
        "nauc_recall_at_20_std": 0.062298,
        "nauc_recall_at_20_diff1": 0.135581,
        "nauc_recall_at_100_max": 0.045801,
        "nauc_recall_at_100_std": 0.042888,
        "nauc_recall_at_100_diff1": 0.056166,
        "nauc_recall_at_1000_max": -0.008838,
        "nauc_recall_at_1000_std": -0.046578,
        "nauc_recall_at_1000_diff1": 0.089321,
        "nauc_precision_at_1_max": 0.053289,
        "nauc_precision_at_1_std": 0.040241,
        "nauc_precision_at_1_diff1": 0.28341,
        "nauc_precision_at_3_max": 0.242946,
        "nauc_precision_at_3_std": 0.139089,
        "nauc_precision_at_3_diff1": 0.320535,
        "nauc_precision_at_5_max": 0.214486,
        "nauc_precision_at_5_std": 0.131534,
        "nauc_precision_at_5_diff1": 0.212957,
        "nauc_precision_at_10_max": 0.101859,
        "nauc_precision_at_10_std": 0.079798,
        "nauc_precision_at_10_diff1": 0.159886,
        "nauc_precision_at_20_max": 0.103103,
        "nauc_precision_at_20_std": 0.062298,
        "nauc_precision_at_20_diff1": 0.135581,
        "nauc_precision_at_100_max": 0.045801,
        "nauc_precision_at_100_std": 0.042888,
        "nauc_precision_at_100_diff1": 0.056166,
        "nauc_precision_at_1000_max": -0.008838,
        "nauc_precision_at_1000_std": -0.046578,
        "nauc_precision_at_1000_diff1": 0.089321,
        "nauc_mrr_at_1_max": 0.053289,
        "nauc_mrr_at_1_std": 0.040241,
        "nauc_mrr_at_1_diff1": 0.28341,
        "nauc_mrr_at_3_max": 0.182239,
        "nauc_mrr_at_3_std": 0.101723,
        "nauc_mrr_at_3_diff1": 0.316554,
        "nauc_mrr_at_5_max": 0.173942,
        "nauc_mrr_at_5_std": 0.101005,
        "nauc_mrr_at_5_diff1": 0.277251,
        "nauc_mrr_at_10_max": 0.146277,
        "nauc_mrr_at_10_std": 0.08828,
        "nauc_mrr_at_10_diff1": 0.259334,
        "nauc_mrr_at_20_max": 0.145306,
        "nauc_mrr_at_20_std": 0.084671,
        "nauc_mrr_at_20_diff1": 0.25177,
        "nauc_mrr_at_100_max": 0.133471,
        "nauc_mrr_at_100_std": 0.078664,
        "nauc_mrr_at_100_diff1": 0.236189,
        "nauc_mrr_at_1000_max": 0.133057,
        "nauc_mrr_at_1000_std": 0.076428,
        "nauc_mrr_at_1000_diff1": 0.233855,
        "main_score": 0.0326,
        "hf_subset": "default",
        "languages": [
          "tur-Latn"
        ]
      }
    ]
  },
  "evaluation_time": 52.868886947631836,
  "kg_co2_emissions": null
}