{
  "dataset_revision": "main",
  "task_name": "SciFactTR",
  "mteb_version": "1.31.3",
  "scores": {
    "test": [
      {
        "ndcg_at_1": 0.78333,
        "ndcg_at_3": 0.84627,
        "ndcg_at_5": 0.85588,
        "ndcg_at_10": 0.86319,
        "ndcg_at_20": 0.87067,
        "ndcg_at_100": 0.87713,
        "ndcg_at_1000": 0.87713,
        "map_at_1": 0.78333,
        "map_at_3": 0.83111,
        "map_at_5": 0.83644,
        "map_at_10": 0.83933,
        "map_at_20": 0.84132,
        "map_at_100": 0.8423,
        "map_at_1000": 0.8423,
        "recall_at_1": 0.78333,
        "recall_at_3": 0.89,
        "recall_at_5": 0.91333,
        "recall_at_10": 0.93667,
        "recall_at_20": 0.96667,
        "recall_at_100": 1.0,
        "recall_at_1000": 1.0,
        "precision_at_1": 0.78333,
        "precision_at_3": 0.29667,
        "precision_at_5": 0.18267,
        "precision_at_10": 0.09367,
        "precision_at_20": 0.04833,
        "precision_at_100": 0.01,
        "precision_at_1000": 0.001,
        "mrr_at_1": 0.783333,
        "mrr_at_3": 0.831111,
        "mrr_at_5": 0.836444,
        "mrr_at_10": 0.839327,
        "mrr_at_20": 0.841317,
        "mrr_at_100": 0.8423,
        "mrr_at_1000": 0.8423,
        "nauc_ndcg_at_1_max": 0.515975,
        "nauc_ndcg_at_1_std": -0.026076,
        "nauc_ndcg_at_1_diff1": 0.759509,
        "nauc_ndcg_at_3_max": 0.537739,
        "nauc_ndcg_at_3_std": -0.021349,
        "nauc_ndcg_at_3_diff1": 0.741846,
        "nauc_ndcg_at_5_max": 0.58359,
        "nauc_ndcg_at_5_std": 0.007607,
        "nauc_ndcg_at_5_diff1": 0.74603,
        "nauc_ndcg_at_10_max": 0.581757,
        "nauc_ndcg_at_10_std": 0.002891,
        "nauc_ndcg_at_10_diff1": 0.746196,
        "nauc_ndcg_at_20_max": 0.576554,
        "nauc_ndcg_at_20_std": 0.006034,
        "nauc_ndcg_at_20_diff1": 0.750121,
        "nauc_ndcg_at_100_max": 0.560355,
        "nauc_ndcg_at_100_std": -0.008015,
        "nauc_ndcg_at_100_diff1": 0.751876,
        "nauc_ndcg_at_1000_max": 0.560355,
        "nauc_ndcg_at_1000_std": -0.008015,
        "nauc_ndcg_at_1000_diff1": 0.751876,
        "nauc_map_at_1_max": 0.515975,
        "nauc_map_at_1_std": -0.026076,
        "nauc_map_at_1_diff1": 0.759509,
        "nauc_map_at_3_max": 0.531795,
        "nauc_map_at_3_std": -0.02482,
        "nauc_map_at_3_diff1": 0.748538,
        "nauc_map_at_5_max": 0.55582,
        "nauc_map_at_5_std": -0.009585,
        "nauc_map_at_5_diff1": 0.751331,
        "nauc_map_at_10_max": 0.555166,
        "nauc_map_at_10_std": -0.011052,
        "nauc_map_at_10_diff1": 0.75146,
        "nauc_map_at_20_max": 0.553335,
        "nauc_map_at_20_std": -0.011131,
        "nauc_map_at_20_diff1": 0.752584,
        "nauc_map_at_100_max": 0.551393,
        "nauc_map_at_100_std": -0.013034,
        "nauc_map_at_100_diff1": 0.752969,
        "nauc_map_at_1000_max": 0.551393,
        "nauc_map_at_1000_std": -0.013034,
        "nauc_map_at_1000_diff1": 0.752969,
        "nauc_recall_at_1_max": 0.515975,
        "nauc_recall_at_1_std": -0.026076,
        "nauc_recall_at_1_diff1": 0.759509,
        "nauc_recall_at_3_max": 0.562394,
        "nauc_recall_at_3_std": -0.005498,
        "nauc_recall_at_3_diff1": 0.71284,
        "nauc_recall_at_5_max": 0.732762,
        "nauc_recall_at_5_std": 0.101774,
        "nauc_recall_at_5_diff1": 0.717769,
        "nauc_recall_at_10_max": 0.769301,
        "nauc_recall_at_10_std": 0.099907,
        "nauc_recall_at_10_diff1": 0.70888,
        "nauc_recall_at_20_max": 0.873716,
        "nauc_recall_at_20_std": 0.252754,
        "nauc_recall_at_20_diff1": 0.726704,
        "nauc_recall_at_100_max": NaN,
        "nauc_recall_at_100_std": NaN,
        "nauc_recall_at_100_diff1": NaN,
        "nauc_recall_at_1000_max": NaN,
        "nauc_recall_at_1000_std": NaN,
        "nauc_recall_at_1000_diff1": NaN,
        "nauc_precision_at_1_max": 0.515975,
        "nauc_precision_at_1_std": -0.026076,
        "nauc_precision_at_1_diff1": 0.759509,
        "nauc_precision_at_3_max": 0.562394,
        "nauc_precision_at_3_std": -0.005498,
        "nauc_precision_at_3_diff1": 0.71284,
        "nauc_precision_at_5_max": 0.732762,
        "nauc_precision_at_5_std": 0.101774,
        "nauc_precision_at_5_diff1": 0.717769,
        "nauc_precision_at_10_max": 0.769301,
        "nauc_precision_at_10_std": 0.099907,
        "nauc_precision_at_10_diff1": 0.70888,
        "nauc_precision_at_20_max": 0.873716,
        "nauc_precision_at_20_std": 0.252754,
        "nauc_precision_at_20_diff1": 0.726704,
        "nauc_precision_at_100_max": NaN,
        "nauc_precision_at_100_std": NaN,
        "nauc_precision_at_100_diff1": NaN,
        "nauc_precision_at_1000_max": 1.0,
        "nauc_precision_at_1000_std": 1.0,
        "nauc_precision_at_1000_diff1": 1.0,
        "nauc_mrr_at_1_max": 0.515975,
        "nauc_mrr_at_1_std": -0.026076,
        "nauc_mrr_at_1_diff1": 0.759509,
        "nauc_mrr_at_3_max": 0.531795,
        "nauc_mrr_at_3_std": -0.02482,
        "nauc_mrr_at_3_diff1": 0.748538,
        "nauc_mrr_at_5_max": 0.55582,
        "nauc_mrr_at_5_std": -0.009585,
        "nauc_mrr_at_5_diff1": 0.751331,
        "nauc_mrr_at_10_max": 0.555166,
        "nauc_mrr_at_10_std": -0.011052,
        "nauc_mrr_at_10_diff1": 0.75146,
        "nauc_mrr_at_20_max": 0.553335,
        "nauc_mrr_at_20_std": -0.011131,
        "nauc_mrr_at_20_diff1": 0.752584,
        "nauc_mrr_at_100_max": 0.551393,
        "nauc_mrr_at_100_std": -0.013034,
        "nauc_mrr_at_100_diff1": 0.752969,
        "nauc_mrr_at_1000_max": 0.551393,
        "nauc_mrr_at_1000_std": -0.013034,
        "nauc_mrr_at_1000_diff1": 0.752969,
        "main_score": 0.86319,
        "hf_subset": "default",
        "languages": [
          "tur-Latn"
        ]
      }
    ]
  },
  "evaluation_time": 12.879200220108032,
  "kg_co2_emissions": null
}