{
  "dataset_revision": "main",
  "task_name": "SquadTRRetrieval",
  "mteb_version": "1.31.3",
  "scores": {
    "test": [
      {
        "ndcg_at_1": 0.5869,
        "ndcg_at_3": 0.68969,
        "ndcg_at_5": 0.71396,
        "ndcg_at_10": 0.73262,
        "ndcg_at_20": 0.74466,
        "ndcg_at_100": 0.75464,
        "ndcg_at_1000": 0.75759,
        "map_at_1": 0.5869,
        "map_at_3": 0.6648,
        "map_at_5": 0.67835,
        "map_at_10": 0.68611,
        "map_at_20": 0.68947,
        "map_at_100": 0.69094,
        "map_at_1000": 0.69106,
        "recall_at_1": 0.5869,
        "recall_at_3": 0.76155,
        "recall_at_5": 0.82017,
        "recall_at_10": 0.87758,
        "recall_at_20": 0.92474,
        "recall_at_100": 0.97732,
        "recall_at_1000": 0.99988,
        "precision_at_1": 0.5869,
        "precision_at_3": 0.25385,
        "precision_at_5": 0.16403,
        "precision_at_10": 0.08776,
        "precision_at_20": 0.04624,
        "precision_at_100": 0.00977,
        "precision_at_1000": 0.001,
        "mrr_at_1": 0.586901,
        "mrr_at_3": 0.664797,
        "mrr_at_5": 0.678348,
        "mrr_at_10": 0.686108,
        "mrr_at_20": 0.689475,
        "mrr_at_100": 0.690936,
        "mrr_at_1000": 0.691057,
        "nauc_ndcg_at_1_max": 0.426785,
        "nauc_ndcg_at_1_std": 0.071946,
        "nauc_ndcg_at_1_diff1": 0.69439,
        "nauc_ndcg_at_3_max": 0.470664,
        "nauc_ndcg_at_3_std": 0.121682,
        "nauc_ndcg_at_3_diff1": 0.648852,
        "nauc_ndcg_at_5_max": 0.481864,
        "nauc_ndcg_at_5_std": 0.13364,
        "nauc_ndcg_at_5_diff1": 0.643591,
        "nauc_ndcg_at_10_max": 0.486772,
        "nauc_ndcg_at_10_std": 0.145011,
        "nauc_ndcg_at_10_diff1": 0.645338,
        "nauc_ndcg_at_20_max": 0.488239,
        "nauc_ndcg_at_20_std": 0.146836,
        "nauc_ndcg_at_20_diff1": 0.651479,
        "nauc_ndcg_at_100_max": 0.479016,
        "nauc_ndcg_at_100_std": 0.135656,
        "nauc_ndcg_at_100_diff1": 0.655735,
        "nauc_ndcg_at_1000_max": 0.473887,
        "nauc_ndcg_at_1000_std": 0.128332,
        "nauc_ndcg_at_1000_diff1": 0.656312,
        "nauc_map_at_1_max": 0.426785,
        "nauc_map_at_1_std": 0.071946,
        "nauc_map_at_1_diff1": 0.69439,
        "nauc_map_at_3_max": 0.458572,
        "nauc_map_at_3_std": 0.108008,
        "nauc_map_at_3_diff1": 0.660252,
        "nauc_map_at_5_max": 0.46368,
        "nauc_map_at_5_std": 0.113202,
        "nauc_map_at_5_diff1": 0.657933,
        "nauc_map_at_10_max": 0.464913,
        "nauc_map_at_10_std": 0.11667,
        "nauc_map_at_10_diff1": 0.658924,
        "nauc_map_at_20_max": 0.465041,
        "nauc_map_at_20_std": 0.116866,
        "nauc_map_at_20_diff1": 0.660482,
        "nauc_map_at_100_max": 0.463969,
        "nauc_map_at_100_std": 0.11555,
        "nauc_map_at_100_diff1": 0.661093,
        "nauc_map_at_1000_max": 0.463801,
        "nauc_map_at_1000_std": 0.11532,
        "nauc_map_at_1000_diff1": 0.661115,
        "nauc_recall_at_1_max": 0.426785,
        "nauc_recall_at_1_std": 0.071946,
        "nauc_recall_at_1_diff1": 0.69439,
        "nauc_recall_at_3_max": 0.515031,
        "nauc_recall_at_3_std": 0.17184,
        "nauc_recall_at_3_diff1": 0.607638,
        "nauc_recall_at_5_max": 0.565909,
        "nauc_recall_at_5_std": 0.22838,
        "nauc_recall_at_5_diff1": 0.579229,
        "nauc_recall_at_10_max": 0.630038,
        "nauc_recall_at_10_std": 0.334748,
        "nauc_recall_at_10_diff1": 0.562608,
        "nauc_recall_at_20_max": 0.729156,
        "nauc_recall_at_20_std": 0.46355,
        "nauc_recall_at_20_diff1": 0.583112,
        "nauc_recall_at_100_max": 0.830657,
        "nauc_recall_at_100_std": 0.643283,
        "nauc_recall_at_100_diff1": 0.615822,
        "nauc_recall_at_1000_max": 1.0,
        "nauc_recall_at_1000_std": 1.0,
        "nauc_recall_at_1000_diff1": 0.358107,
        "nauc_precision_at_1_max": 0.426785,
        "nauc_precision_at_1_std": 0.071946,
        "nauc_precision_at_1_diff1": 0.69439,
        "nauc_precision_at_3_max": 0.515031,
        "nauc_precision_at_3_std": 0.17184,
        "nauc_precision_at_3_diff1": 0.607638,
        "nauc_precision_at_5_max": 0.565909,
        "nauc_precision_at_5_std": 0.22838,
        "nauc_precision_at_5_diff1": 0.579229,
        "nauc_precision_at_10_max": 0.630038,
        "nauc_precision_at_10_std": 0.334748,
        "nauc_precision_at_10_diff1": 0.562608,
        "nauc_precision_at_20_max": 0.729156,
        "nauc_precision_at_20_std": 0.46355,
        "nauc_precision_at_20_diff1": 0.583112,
        "nauc_precision_at_100_max": 0.830657,
        "nauc_precision_at_100_std": 0.643283,
        "nauc_precision_at_100_diff1": 0.615822,
        "nauc_precision_at_1000_max": 1.0,
        "nauc_precision_at_1000_std": 1.0,
        "nauc_precision_at_1000_diff1": 0.358107,
        "nauc_mrr_at_1_max": 0.426785,
        "nauc_mrr_at_1_std": 0.071946,
        "nauc_mrr_at_1_diff1": 0.69439,
        "nauc_mrr_at_3_max": 0.458572,
        "nauc_mrr_at_3_std": 0.108008,
        "nauc_mrr_at_3_diff1": 0.660252,
        "nauc_mrr_at_5_max": 0.46368,
        "nauc_mrr_at_5_std": 0.113202,
        "nauc_mrr_at_5_diff1": 0.657933,
        "nauc_mrr_at_10_max": 0.464913,
        "nauc_mrr_at_10_std": 0.11667,
        "nauc_mrr_at_10_diff1": 0.658924,
        "nauc_mrr_at_20_max": 0.465041,
        "nauc_mrr_at_20_std": 0.116866,
        "nauc_mrr_at_20_diff1": 0.660482,
        "nauc_mrr_at_100_max": 0.463969,
        "nauc_mrr_at_100_std": 0.11555,
        "nauc_mrr_at_100_diff1": 0.661093,
        "nauc_mrr_at_1000_max": 0.463801,
        "nauc_mrr_at_1000_std": 0.11532,
        "nauc_mrr_at_1000_diff1": 0.661115,
        "main_score": 0.73262,
        "hf_subset": "default",
        "languages": [
          "tur-Latn"
        ]
      }
    ]
  },
  "evaluation_time": 62.128124952316284,
  "kg_co2_emissions": null
}