{
  "dataset_revision": "main",
  "task_name": "TQuadRetrieval",
  "mteb_version": "1.31.3",
  "scores": {
    "test": [
      {
        "ndcg_at_1": 0.71076,
        "ndcg_at_3": 0.81094,
        "ndcg_at_5": 0.83954,
        "ndcg_at_10": 0.84979,
        "ndcg_at_20": 0.85212,
        "ndcg_at_100": 0.85382,
        "ndcg_at_1000": 0.85398,
        "map_at_1": 0.71076,
        "map_at_3": 0.78662,
        "map_at_5": 0.80249,
        "map_at_10": 0.80698,
        "map_at_20": 0.80766,
        "map_at_100": 0.80791,
        "map_at_1000": 0.80792,
        "recall_at_1": 0.71076,
        "recall_at_3": 0.88117,
        "recall_at_5": 0.95067,
        "recall_at_10": 0.98094,
        "recall_at_20": 0.98991,
        "recall_at_100": 0.99888,
        "recall_at_1000": 1.0,
        "precision_at_1": 0.71076,
        "precision_at_3": 0.29372,
        "precision_at_5": 0.19013,
        "precision_at_10": 0.09809,
        "precision_at_20": 0.0495,
        "precision_at_100": 0.00999,
        "precision_at_1000": 0.001,
        "mrr_at_1": 0.711883,
        "mrr_at_3": 0.787182,
        "mrr_at_5": 0.803046,
        "mrr_at_10": 0.807543,
        "mrr_at_20": 0.808217,
        "mrr_at_100": 0.808466,
        "mrr_at_1000": 0.808476,
        "nauc_ndcg_at_1_max": 0.304969,
        "nauc_ndcg_at_1_std": -0.189959,
        "nauc_ndcg_at_1_diff1": 0.648159,
        "nauc_ndcg_at_3_max": 0.36373,
        "nauc_ndcg_at_3_std": -0.182207,
        "nauc_ndcg_at_3_diff1": 0.630738,
        "nauc_ndcg_at_5_max": 0.379647,
        "nauc_ndcg_at_5_std": -0.147931,
        "nauc_ndcg_at_5_diff1": 0.624565,
        "nauc_ndcg_at_10_max": 0.367778,
        "nauc_ndcg_at_10_std": -0.138746,
        "nauc_ndcg_at_10_diff1": 0.635923,
        "nauc_ndcg_at_20_max": 0.35978,
        "nauc_ndcg_at_20_std": -0.151647,
        "nauc_ndcg_at_20_diff1": 0.635155,
        "nauc_ndcg_at_100_max": 0.351641,
        "nauc_ndcg_at_100_std": -0.163172,
        "nauc_ndcg_at_100_diff1": 0.63413,
        "nauc_ndcg_at_1000_max": 0.350832,
        "nauc_ndcg_at_1000_std": -0.164624,
        "nauc_ndcg_at_1000_diff1": 0.633673,
        "nauc_map_at_1_max": 0.304969,
        "nauc_map_at_1_std": -0.189959,
        "nauc_map_at_1_diff1": 0.648159,
        "nauc_map_at_3_max": 0.344382,
        "nauc_map_at_3_std": -0.185996,
        "nauc_map_at_3_diff1": 0.632993,
        "nauc_map_at_5_max": 0.350489,
        "nauc_map_at_5_std": -0.170388,
        "nauc_map_at_5_diff1": 0.630139,
        "nauc_map_at_10_max": 0.346096,
        "nauc_map_at_10_std": -0.167722,
        "nauc_map_at_10_diff1": 0.634529,
        "nauc_map_at_20_max": 0.34423,
        "nauc_map_at_20_std": -0.170747,
        "nauc_map_at_20_diff1": 0.634348,
        "nauc_map_at_100_max": 0.34329,
        "nauc_map_at_100_std": -0.172028,
        "nauc_map_at_100_diff1": 0.634154,
        "nauc_map_at_1000_max": 0.343254,
        "nauc_map_at_1000_std": -0.172093,
        "nauc_map_at_1000_diff1": 0.634134,
        "nauc_recall_at_1_max": 0.304969,
        "nauc_recall_at_1_std": -0.189959,
        "nauc_recall_at_1_diff1": 0.648159,
        "nauc_recall_at_3_max": 0.456387,
        "nauc_recall_at_3_std": -0.163254,
        "nauc_recall_at_3_diff1": 0.622219,
        "nauc_recall_at_5_max": 0.688026,
        "nauc_recall_at_5_std": 0.102245,
        "nauc_recall_at_5_diff1": 0.570099,
        "nauc_recall_at_10_max": 0.909,
        "nauc_recall_at_10_std": 0.687432,
        "nauc_recall_at_10_diff1": 0.704739,
        "nauc_recall_at_20_max": 0.985479,
        "nauc_recall_at_20_std": 0.774197,
        "nauc_recall_at_20_diff1": 0.727225,
        "nauc_recall_at_100_max": 1.0,
        "nauc_recall_at_100_std": 1.0,
        "nauc_recall_at_100_diff1": 1.0,
        "nauc_recall_at_1000_max": NaN,
        "nauc_recall_at_1000_std": NaN,
        "nauc_recall_at_1000_diff1": NaN,
        "nauc_precision_at_1_max": 0.304969,
        "nauc_precision_at_1_std": -0.189959,
        "nauc_precision_at_1_diff1": 0.648159,
        "nauc_precision_at_3_max": 0.456387,
        "nauc_precision_at_3_std": -0.163254,
        "nauc_precision_at_3_diff1": 0.622219,
        "nauc_precision_at_5_max": 0.688026,
        "nauc_precision_at_5_std": 0.102245,
        "nauc_precision_at_5_diff1": 0.570099,
        "nauc_precision_at_10_max": 0.909,
        "nauc_precision_at_10_std": 0.687432,
        "nauc_precision_at_10_diff1": 0.704739,
        "nauc_precision_at_20_max": 0.985479,
        "nauc_precision_at_20_std": 0.774197,
        "nauc_precision_at_20_diff1": 0.727225,
        "nauc_precision_at_100_max": 1.0,
        "nauc_precision_at_100_std": 1.0,
        "nauc_precision_at_100_diff1": 1.0,
        "nauc_precision_at_1000_max": NaN,
        "nauc_precision_at_1000_std": NaN,
        "nauc_precision_at_1000_diff1": NaN,
        "nauc_mrr_at_1_max": 0.302338,
        "nauc_mrr_at_1_std": -0.189415,
        "nauc_mrr_at_1_diff1": 0.645779,
        "nauc_mrr_at_3_max": 0.342744,
        "nauc_mrr_at_3_std": -0.185632,
        "nauc_mrr_at_3_diff1": 0.631404,
        "nauc_mrr_at_5_max": 0.348724,
        "nauc_mrr_at_5_std": -0.169956,
        "nauc_mrr_at_5_diff1": 0.628407,
        "nauc_mrr_at_10_max": 0.344274,
        "nauc_mrr_at_10_std": -0.167273,
        "nauc_mrr_at_10_diff1": 0.632761,
        "nauc_mrr_at_20_max": 0.342397,
        "nauc_mrr_at_20_std": -0.170303,
        "nauc_mrr_at_20_diff1": 0.632573,
        "nauc_mrr_at_100_max": 0.341453,
        "nauc_mrr_at_100_std": -0.171586,
        "nauc_mrr_at_100_diff1": 0.632377,
        "nauc_mrr_at_1000_max": 0.341416,
        "nauc_mrr_at_1000_std": -0.171652,
        "nauc_mrr_at_1000_diff1": 0.632356,
        "main_score": 0.84979,
        "hf_subset": "default",
        "languages": [
          "tur-Latn"
        ]
      }
    ]
  },
  "evaluation_time": 10.116726875305176,
  "kg_co2_emissions": null
}