{
  "dataset_revision": "51adfef1c1287aab1d2d91b5bead9bcfb9c68583",
  "task_name": "XQuADRetrieval",
  "mteb_version": "1.31.3",
  "scores": {
    "validation": [
      {
        "ndcg_at_1": 0.87584,
        "ndcg_at_3": 0.92086,
        "ndcg_at_5": 0.9286,
        "ndcg_at_10": 0.93143,
        "ndcg_at_20": 0.93382,
        "ndcg_at_100": 0.93551,
        "ndcg_at_1000": 0.93612,
        "map_at_1": 0.87584,
        "map_at_3": 0.91061,
        "map_at_5": 0.91496,
        "map_at_10": 0.91619,
        "map_at_20": 0.91687,
        "map_at_100": 0.91709,
        "map_at_1000": 0.91712,
        "recall_at_1": 0.87584,
        "recall_at_3": 0.95017,
        "recall_at_5": 0.96875,
        "recall_at_10": 0.9772,
        "recall_at_20": 0.98649,
        "recall_at_100": 0.99578,
        "recall_at_1000": 1.0,
        "precision_at_1": 0.87584,
        "precision_at_3": 0.31672,
        "precision_at_5": 0.19375,
        "precision_at_10": 0.09772,
        "precision_at_20": 0.04932,
        "precision_at_100": 0.00996,
        "precision_at_1000": 0.001,
        "mrr_at_1": 0.875845,
        "mrr_at_3": 0.910614,
        "mrr_at_5": 0.914963,
        "mrr_at_10": 0.916187,
        "mrr_at_20": 0.916868,
        "mrr_at_100": 0.917085,
        "mrr_at_1000": 0.91712,
        "nauc_ndcg_at_1_max": 0.721342,
        "nauc_ndcg_at_1_std": 0.259423,
        "nauc_ndcg_at_1_diff1": 0.900967,
        "nauc_ndcg_at_3_max": 0.784037,
        "nauc_ndcg_at_3_std": 0.378428,
        "nauc_ndcg_at_3_diff1": 0.884322,
        "nauc_ndcg_at_5_max": 0.785715,
        "nauc_ndcg_at_5_std": 0.37203,
        "nauc_ndcg_at_5_diff1": 0.888645,
        "nauc_ndcg_at_10_max": 0.778508,
        "nauc_ndcg_at_10_std": 0.371171,
        "nauc_ndcg_at_10_diff1": 0.886924,
        "nauc_ndcg_at_20_max": 0.772763,
        "nauc_ndcg_at_20_std": 0.365069,
        "nauc_ndcg_at_20_diff1": 0.887351,
        "nauc_ndcg_at_100_max": 0.76846,
        "nauc_ndcg_at_100_std": 0.35329,
        "nauc_ndcg_at_100_diff1": 0.888269,
        "nauc_ndcg_at_1000_max": 0.766716,
        "nauc_ndcg_at_1000_std": 0.347817,
        "nauc_ndcg_at_1000_diff1": 0.888565,
        "nauc_map_at_1_max": 0.721342,
        "nauc_map_at_1_std": 0.259423,
        "nauc_map_at_1_diff1": 0.900967,
        "nauc_map_at_3_max": 0.765304,
        "nauc_map_at_3_std": 0.342389,
        "nauc_map_at_3_diff1": 0.88842,
        "nauc_map_at_5_max": 0.764913,
        "nauc_map_at_5_std": 0.337373,
        "nauc_map_at_5_diff1": 0.890405,
        "nauc_map_at_10_max": 0.76208,
        "nauc_map_at_10_std": 0.336279,
        "nauc_map_at_10_diff1": 0.889888,
        "nauc_map_at_20_max": 0.760692,
        "nauc_map_at_20_std": 0.334749,
        "nauc_map_at_20_diff1": 0.890001,
        "nauc_map_at_100_max": 0.760261,
        "nauc_map_at_100_std": 0.33362,
        "nauc_map_at_100_diff1": 0.890046,
        "nauc_map_at_1000_max": 0.76018,
        "nauc_map_at_1000_std": 0.333371,
        "nauc_map_at_1000_diff1": 0.890056,
        "nauc_recall_at_1_max": 0.721342,
        "nauc_recall_at_1_std": 0.259423,
        "nauc_recall_at_1_diff1": 0.900967,
        "nauc_recall_at_3_max": 0.877741,
        "nauc_recall_at_3_std": 0.559093,
        "nauc_recall_at_3_diff1": 0.864532,
        "nauc_recall_at_5_max": 0.944807,
        "nauc_recall_at_5_std": 0.633276,
        "nauc_recall_at_5_diff1": 0.879082,
        "nauc_recall_at_10_max": 0.939492,
        "nauc_recall_at_10_std": 0.727603,
        "nauc_recall_at_10_diff1": 0.859104,
        "nauc_recall_at_20_max": 0.940779,
        "nauc_recall_at_20_std": 0.852256,
        "nauc_recall_at_20_diff1": 0.848294,
        "nauc_recall_at_100_max": 0.947732,
        "nauc_recall_at_100_std": 0.918314,
        "nauc_recall_at_100_diff1": 0.855291,
        "nauc_recall_at_1000_max": NaN,
        "nauc_recall_at_1000_std": NaN,
        "nauc_recall_at_1000_diff1": NaN,
        "nauc_precision_at_1_max": 0.721342,
        "nauc_precision_at_1_std": 0.259423,
        "nauc_precision_at_1_diff1": 0.900967,
        "nauc_precision_at_3_max": 0.877741,
        "nauc_precision_at_3_std": 0.559093,
        "nauc_precision_at_3_diff1": 0.864532,
        "nauc_precision_at_5_max": 0.944807,
        "nauc_precision_at_5_std": 0.633276,
        "nauc_precision_at_5_diff1": 0.879082,
        "nauc_precision_at_10_max": 0.939492,
        "nauc_precision_at_10_std": 0.727603,
        "nauc_precision_at_10_diff1": 0.859104,
        "nauc_precision_at_20_max": 0.940779,
        "nauc_precision_at_20_std": 0.852256,
        "nauc_precision_at_20_diff1": 0.848294,
        "nauc_precision_at_100_max": 0.947732,
        "nauc_precision_at_100_std": 0.918314,
        "nauc_precision_at_100_diff1": 0.855291,
        "nauc_precision_at_1000_max": 1.0,
        "nauc_precision_at_1000_std": 1.0,
        "nauc_precision_at_1000_diff1": 1.0,
        "nauc_mrr_at_1_max": 0.721342,
        "nauc_mrr_at_1_std": 0.259423,
        "nauc_mrr_at_1_diff1": 0.900967,
        "nauc_mrr_at_3_max": 0.765304,
        "nauc_mrr_at_3_std": 0.342389,
        "nauc_mrr_at_3_diff1": 0.88842,
        "nauc_mrr_at_5_max": 0.764913,
        "nauc_mrr_at_5_std": 0.337373,
        "nauc_mrr_at_5_diff1": 0.890405,
        "nauc_mrr_at_10_max": 0.76208,
        "nauc_mrr_at_10_std": 0.336279,
        "nauc_mrr_at_10_diff1": 0.889888,
        "nauc_mrr_at_20_max": 0.760692,
        "nauc_mrr_at_20_std": 0.334749,
        "nauc_mrr_at_20_diff1": 0.890001,
        "nauc_mrr_at_100_max": 0.760261,
        "nauc_mrr_at_100_std": 0.33362,
        "nauc_mrr_at_100_diff1": 0.890046,
        "nauc_mrr_at_1000_max": 0.76018,
        "nauc_mrr_at_1000_std": 0.333371,
        "nauc_mrr_at_1000_diff1": 0.890056,
        "main_score": 0.93143,
        "hf_subset": "tr",
        "languages": [
          "tur-Latn"
        ]
      }
    ]
  },
  "evaluation_time": 9.598483800888062,
  "kg_co2_emissions": null
}