{
  "dataset_revision": "main",
  "task_name": "ArguAnaTR",
  "mteb_version": "1.31.3",
  "scores": {
    "test": [
      {
        "ndcg_at_1": 0.01636,
        "ndcg_at_3": 0.02208,
        "ndcg_at_5": 0.02413,
        "ndcg_at_10": 0.02957,
        "ndcg_at_20": 0.03507,
        "ndcg_at_100": 0.05158,
        "ndcg_at_1000": 0.08805,
        "map_at_1": 0.01636,
        "map_at_3": 0.02063,
        "map_at_5": 0.02176,
        "map_at_10": 0.02396,
        "map_at_20": 0.02543,
        "map_at_100": 0.02748,
        "map_at_1000": 0.02852,
        "recall_at_1": 0.01636,
        "recall_at_3": 0.02632,
        "recall_at_5": 0.03129,
        "recall_at_10": 0.04836,
        "recall_at_20": 0.07041,
        "recall_at_100": 0.16287,
        "recall_at_1000": 0.46942,
        "precision_at_1": 0.01636,
        "precision_at_3": 0.00877,
        "precision_at_5": 0.00626,
        "precision_at_10": 0.00484,
        "precision_at_20": 0.00352,
        "precision_at_100": 0.00163,
        "precision_at_1000": 0.00047,
        "mrr_at_1": 0.016358,
        "mrr_at_3": 0.020626,
        "mrr_at_5": 0.021764,
        "mrr_at_10": 0.023962,
        "mrr_at_20": 0.025426,
        "mrr_at_100": 0.027482,
        "mrr_at_1000": 0.028521,
        "nauc_ndcg_at_1_max": 0.276412,
        "nauc_ndcg_at_1_std": 0.122518,
        "nauc_ndcg_at_1_diff1": 0.284363,
        "nauc_ndcg_at_3_max": 0.20922,
        "nauc_ndcg_at_3_std": 0.185532,
        "nauc_ndcg_at_3_diff1": 0.217053,
        "nauc_ndcg_at_5_max": 0.222269,
        "nauc_ndcg_at_5_std": 0.184006,
        "nauc_ndcg_at_5_diff1": 0.193985,
        "nauc_ndcg_at_10_max": 0.166401,
        "nauc_ndcg_at_10_std": 0.202239,
        "nauc_ndcg_at_10_diff1": 0.170262,
        "nauc_ndcg_at_20_max": 0.171047,
        "nauc_ndcg_at_20_std": 0.206392,
        "nauc_ndcg_at_20_diff1": 0.157039,
        "nauc_ndcg_at_100_max": 0.14285,
        "nauc_ndcg_at_100_std": 0.210496,
        "nauc_ndcg_at_100_diff1": 0.112458,
        "nauc_ndcg_at_1000_max": 0.127128,
        "nauc_ndcg_at_1000_std": 0.23049,
        "nauc_ndcg_at_1000_diff1": 0.128164,
        "nauc_map_at_1_max": 0.276412,
        "nauc_map_at_1_std": 0.122518,
        "nauc_map_at_1_diff1": 0.284363,
        "nauc_map_at_3_max": 0.221648,
        "nauc_map_at_3_std": 0.176233,
        "nauc_map_at_3_diff1": 0.228182,
        "nauc_map_at_5_max": 0.22894,
        "nauc_map_at_5_std": 0.176571,
        "nauc_map_at_5_diff1": 0.213396,
        "nauc_map_at_10_max": 0.200553,
        "nauc_map_at_10_std": 0.184871,
        "nauc_map_at_10_diff1": 0.198242,
        "nauc_map_at_20_max": 0.200914,
        "nauc_map_at_20_std": 0.187023,
        "nauc_map_at_20_diff1": 0.191779,
        "nauc_map_at_100_max": 0.19385,
        "nauc_map_at_100_std": 0.187195,
        "nauc_map_at_100_diff1": 0.177408,
        "nauc_map_at_1000_max": 0.191963,
        "nauc_map_at_1000_std": 0.187816,
        "nauc_map_at_1000_diff1": 0.176969,
        "nauc_recall_at_1_max": 0.276412,
        "nauc_recall_at_1_std": 0.122518,
        "nauc_recall_at_1_diff1": 0.284363,
        "nauc_recall_at_3_max": 0.181246,
        "nauc_recall_at_3_std": 0.205675,
        "nauc_recall_at_3_diff1": 0.192444,
        "nauc_recall_at_5_max": 0.210379,
        "nauc_recall_at_5_std": 0.197334,
        "nauc_recall_at_5_diff1": 0.153202,
        "nauc_recall_at_10_max": 0.107391,
        "nauc_recall_at_10_std": 0.231398,
        "nauc_recall_at_10_diff1": 0.126182,
        "nauc_recall_at_20_max": 0.133444,
        "nauc_recall_at_20_std": 0.231619,
        "nauc_recall_at_20_diff1": 0.113483,
        "nauc_recall_at_100_max": 0.096215,
        "nauc_recall_at_100_std": 0.232269,
        "nauc_recall_at_100_diff1": 0.057492,
        "nauc_recall_at_1000_max": 0.076617,
        "nauc_recall_at_1000_std": 0.279117,
        "nauc_recall_at_1000_diff1": 0.114421,
        "nauc_precision_at_1_max": 0.276412,
        "nauc_precision_at_1_std": 0.122518,
        "nauc_precision_at_1_diff1": 0.284363,
        "nauc_precision_at_3_max": 0.181246,
        "nauc_precision_at_3_std": 0.205675,
        "nauc_precision_at_3_diff1": 0.192444,
        "nauc_precision_at_5_max": 0.210379,
        "nauc_precision_at_5_std": 0.197334,
        "nauc_precision_at_5_diff1": 0.153202,
        "nauc_precision_at_10_max": 0.107391,
        "nauc_precision_at_10_std": 0.231398,
        "nauc_precision_at_10_diff1": 0.126182,
        "nauc_precision_at_20_max": 0.133444,
        "nauc_precision_at_20_std": 0.231619,
        "nauc_precision_at_20_diff1": 0.113483,
        "nauc_precision_at_100_max": 0.096215,
        "nauc_precision_at_100_std": 0.232269,
        "nauc_precision_at_100_diff1": 0.057492,
        "nauc_precision_at_1000_max": 0.076617,
        "nauc_precision_at_1000_std": 0.279117,
        "nauc_precision_at_1000_diff1": 0.114421,
        "nauc_mrr_at_1_max": 0.276412,
        "nauc_mrr_at_1_std": 0.122518,
        "nauc_mrr_at_1_diff1": 0.284363,
        "nauc_mrr_at_3_max": 0.221648,
        "nauc_mrr_at_3_std": 0.176233,
        "nauc_mrr_at_3_diff1": 0.228182,
        "nauc_mrr_at_5_max": 0.22894,
        "nauc_mrr_at_5_std": 0.176571,
        "nauc_mrr_at_5_diff1": 0.213396,
        "nauc_mrr_at_10_max": 0.200553,
        "nauc_mrr_at_10_std": 0.184871,
        "nauc_mrr_at_10_diff1": 0.198242,
        "nauc_mrr_at_20_max": 0.200914,
        "nauc_mrr_at_20_std": 0.187023,
        "nauc_mrr_at_20_diff1": 0.191779,
        "nauc_mrr_at_100_max": 0.193846,
        "nauc_mrr_at_100_std": 0.187195,
        "nauc_mrr_at_100_diff1": 0.177403,
        "nauc_mrr_at_1000_max": 0.191956,
        "nauc_mrr_at_1000_std": 0.187816,
        "nauc_mrr_at_1000_diff1": 0.176961,
        "main_score": 0.02957,
        "hf_subset": "default",
        "languages": [
          "tur-Latn"
        ]
      }
    ]
  },
  "evaluation_time": 228.280091047287,
  "kg_co2_emissions": null
}