{
  "dataset_revision": "main",
  "task_name": "CQADupstackGamingRetrievalTR",
  "mteb_version": "1.31.3",
  "scores": {
    "test": [
      {
        "ndcg_at_1": 0.04049,
        "ndcg_at_3": 0.05466,
        "ndcg_at_5": 0.06012,
        "ndcg_at_10": 0.06844,
        "ndcg_at_20": 0.07547,
        "ndcg_at_100": 0.0981,
        "ndcg_at_1000": 0.15546,
        "map_at_1": 0.04049,
        "map_at_3": 0.05117,
        "map_at_5": 0.05414,
        "map_at_10": 0.05759,
        "map_at_20": 0.05954,
        "map_at_100": 0.06231,
        "map_at_1000": 0.0639,
        "recall_at_1": 0.04049,
        "recall_at_3": 0.06478,
        "recall_at_5": 0.07827,
        "recall_at_10": 0.10391,
        "recall_at_20": 0.13158,
        "recall_at_100": 0.25911,
        "recall_at_1000": 0.74494,
        "precision_at_1": 0.04049,
        "precision_at_3": 0.02159,
        "precision_at_5": 0.01565,
        "precision_at_10": 0.01039,
        "precision_at_20": 0.00658,
        "precision_at_100": 0.00259,
        "precision_at_1000": 0.00074,
        "mrr_at_1": 0.040486,
        "mrr_at_3": 0.05117,
        "mrr_at_5": 0.054139,
        "mrr_at_10": 0.057591,
        "mrr_at_20": 0.059542,
        "mrr_at_100": 0.062308,
        "mrr_at_1000": 0.063899,
        "nauc_ndcg_at_1_max": 0.258183,
        "nauc_ndcg_at_1_std": 0.043367,
        "nauc_ndcg_at_1_diff1": 0.508317,
        "nauc_ndcg_at_3_max": 0.270864,
        "nauc_ndcg_at_3_std": 0.047494,
        "nauc_ndcg_at_3_diff1": 0.385659,
        "nauc_ndcg_at_5_max": 0.259263,
        "nauc_ndcg_at_5_std": 0.060214,
        "nauc_ndcg_at_5_diff1": 0.337708,
        "nauc_ndcg_at_10_max": 0.234053,
        "nauc_ndcg_at_10_std": 0.064528,
        "nauc_ndcg_at_10_diff1": 0.299163,
        "nauc_ndcg_at_20_max": 0.22292,
        "nauc_ndcg_at_20_std": 0.064794,
        "nauc_ndcg_at_20_diff1": 0.299912,
        "nauc_ndcg_at_100_max": 0.179437,
        "nauc_ndcg_at_100_std": 0.090217,
        "nauc_ndcg_at_100_diff1": 0.26412,
        "nauc_ndcg_at_1000_max": 0.180044,
        "nauc_ndcg_at_1000_std": 0.104393,
        "nauc_ndcg_at_1000_diff1": 0.24972,
        "nauc_map_at_1_max": 0.258183,
        "nauc_map_at_1_std": 0.043367,
        "nauc_map_at_1_diff1": 0.508317,
        "nauc_map_at_3_max": 0.269812,
        "nauc_map_at_3_std": 0.046555,
        "nauc_map_at_3_diff1": 0.40858,
        "nauc_map_at_5_max": 0.263443,
        "nauc_map_at_5_std": 0.054074,
        "nauc_map_at_5_diff1": 0.379024,
        "nauc_map_at_10_max": 0.25086,
        "nauc_map_at_10_std": 0.05592,
        "nauc_map_at_10_diff1": 0.358338,
        "nauc_map_at_20_max": 0.246698,
        "nauc_map_at_20_std": 0.056231,
        "nauc_map_at_20_diff1": 0.357173,
        "nauc_map_at_100_max": 0.237985,
        "nauc_map_at_100_std": 0.061971,
        "nauc_map_at_100_diff1": 0.348251,
        "nauc_map_at_1000_max": 0.237374,
        "nauc_map_at_1000_std": 0.062949,
        "nauc_map_at_1000_diff1": 0.347442,
        "nauc_recall_at_1_max": 0.258183,
        "nauc_recall_at_1_std": 0.043367,
        "nauc_recall_at_1_diff1": 0.508317,
        "nauc_recall_at_3_max": 0.272815,
        "nauc_recall_at_3_std": 0.049685,
        "nauc_recall_at_3_diff1": 0.333566,
        "nauc_recall_at_5_max": 0.248777,
        "nauc_recall_at_5_std": 0.074092,
        "nauc_recall_at_5_diff1": 0.249546,
        "nauc_recall_at_10_max": 0.19965,
        "nauc_recall_at_10_std": 0.081536,
        "nauc_recall_at_10_diff1": 0.189826,
        "nauc_recall_at_20_max": 0.178366,
        "nauc_recall_at_20_std": 0.079446,
        "nauc_recall_at_20_diff1": 0.208742,
        "nauc_recall_at_100_max": 0.085731,
        "nauc_recall_at_100_std": 0.134894,
        "nauc_recall_at_100_diff1": 0.155869,
        "nauc_recall_at_1000_max": 0.067321,
        "nauc_recall_at_1000_std": 0.214028,
        "nauc_recall_at_1000_diff1": 0.044381,
        "nauc_precision_at_1_max": 0.258183,
        "nauc_precision_at_1_std": 0.043367,
        "nauc_precision_at_1_diff1": 0.508317,
        "nauc_precision_at_3_max": 0.272815,
        "nauc_precision_at_3_std": 0.049685,
        "nauc_precision_at_3_diff1": 0.333566,
        "nauc_precision_at_5_max": 0.248777,
        "nauc_precision_at_5_std": 0.074092,
        "nauc_precision_at_5_diff1": 0.249546,
        "nauc_precision_at_10_max": 0.19965,
        "nauc_precision_at_10_std": 0.081536,
        "nauc_precision_at_10_diff1": 0.189826,
        "nauc_precision_at_20_max": 0.178366,
        "nauc_precision_at_20_std": 0.079446,
        "nauc_precision_at_20_diff1": 0.208742,
        "nauc_precision_at_100_max": 0.085731,
        "nauc_precision_at_100_std": 0.134894,
        "nauc_precision_at_100_diff1": 0.155869,
        "nauc_precision_at_1000_max": 0.067321,
        "nauc_precision_at_1000_std": 0.214028,
        "nauc_precision_at_1000_diff1": 0.044381,
        "nauc_mrr_at_1_max": 0.258183,
        "nauc_mrr_at_1_std": 0.043367,
        "nauc_mrr_at_1_diff1": 0.508317,
        "nauc_mrr_at_3_max": 0.269812,
        "nauc_mrr_at_3_std": 0.046555,
        "nauc_mrr_at_3_diff1": 0.40858,
        "nauc_mrr_at_5_max": 0.263443,
        "nauc_mrr_at_5_std": 0.054074,
        "nauc_mrr_at_5_diff1": 0.379024,
        "nauc_mrr_at_10_max": 0.25086,
        "nauc_mrr_at_10_std": 0.05592,
        "nauc_mrr_at_10_diff1": 0.358338,
        "nauc_mrr_at_20_max": 0.246698,
        "nauc_mrr_at_20_std": 0.056231,
        "nauc_mrr_at_20_diff1": 0.357173,
        "nauc_mrr_at_100_max": 0.237985,
        "nauc_mrr_at_100_std": 0.061971,
        "nauc_mrr_at_100_diff1": 0.348251,
        "nauc_mrr_at_1000_max": 0.237374,
        "nauc_mrr_at_1000_std": 0.062949,
        "nauc_mrr_at_1000_diff1": 0.347442,
        "main_score": 0.06844,
        "hf_subset": "default",
        "languages": [
          "tur-Latn"
        ]
      }
    ]
  },
  "evaluation_time": 36.01499700546265,
  "kg_co2_emissions": null
}