{
  "dataset_revision": "main",
  "task_name": "FiQA2018TR",
  "mteb_version": "1.31.3",
  "scores": {
    "test": [
      {
        "ndcg_at_1": 0.00309,
        "ndcg_at_3": 0.00735,
        "ndcg_at_5": 0.00987,
        "ndcg_at_10": 0.01528,
        "ndcg_at_20": 0.02119,
        "ndcg_at_100": 0.04121,
        "ndcg_at_1000": 0.1145,
        "map_at_1": 0.00309,
        "map_at_3": 0.00617,
        "map_at_5": 0.00756,
        "map_at_10": 0.00974,
        "map_at_20": 0.0114,
        "map_at_100": 0.01375,
        "map_at_1000": 0.01571,
        "recall_at_1": 0.00309,
        "recall_at_3": 0.0108,
        "recall_at_5": 0.01698,
        "recall_at_10": 0.03395,
        "recall_at_20": 0.0571,
        "recall_at_100": 0.1713,
        "recall_at_1000": 0.7963,
        "precision_at_1": 0.00309,
        "precision_at_3": 0.0036,
        "precision_at_5": 0.0034,
        "precision_at_10": 0.0034,
        "precision_at_20": 0.00285,
        "precision_at_100": 0.00171,
        "precision_at_1000": 0.0008,
        "mrr_at_1": 0.003086,
        "mrr_at_3": 0.006173,
        "mrr_at_5": 0.007562,
        "mrr_at_10": 0.009743,
        "mrr_at_20": 0.011396,
        "mrr_at_100": 0.013749,
        "mrr_at_1000": 0.015711,
        "nauc_ndcg_at_1_max": -0.353253,
        "nauc_ndcg_at_1_std": 0.662448,
        "nauc_ndcg_at_1_diff1": -0.323168,
        "nauc_ndcg_at_3_max": 0.066564,
        "nauc_ndcg_at_3_std": 0.425943,
        "nauc_ndcg_at_3_diff1": -0.073091,
        "nauc_ndcg_at_5_max": 0.160976,
        "nauc_ndcg_at_5_std": 0.352659,
        "nauc_ndcg_at_5_diff1": -0.12114,
        "nauc_ndcg_at_10_max": 0.107344,
        "nauc_ndcg_at_10_std": 0.316924,
        "nauc_ndcg_at_10_diff1": -0.047155,
        "nauc_ndcg_at_20_max": 0.075209,
        "nauc_ndcg_at_20_std": 0.30003,
        "nauc_ndcg_at_20_diff1": -0.012197,
        "nauc_ndcg_at_100_max": 0.047724,
        "nauc_ndcg_at_100_std": 0.230688,
        "nauc_ndcg_at_100_diff1": 0.038657,
        "nauc_ndcg_at_1000_max": 0.00161,
        "nauc_ndcg_at_1000_std": 0.214093,
        "nauc_ndcg_at_1000_diff1": -0.024622,
        "nauc_map_at_1_max": -0.353253,
        "nauc_map_at_1_std": 0.662448,
        "nauc_map_at_1_diff1": -0.323168,
        "nauc_map_at_3_max": -0.010419,
        "nauc_map_at_3_std": 0.453499,
        "nauc_map_at_3_diff1": -0.110146,
        "nauc_map_at_5_max": 0.06591,
        "nauc_map_at_5_std": 0.394885,
        "nauc_map_at_5_diff1": -0.138897,
        "nauc_map_at_10_max": 0.056614,
        "nauc_map_at_10_std": 0.36138,
        "nauc_map_at_10_diff1": -0.087771,
        "nauc_map_at_20_max": 0.048296,
        "nauc_map_at_20_std": 0.345306,
        "nauc_map_at_20_diff1": -0.069329,
        "nauc_map_at_100_max": 0.042897,
        "nauc_map_at_100_std": 0.312748,
        "nauc_map_at_100_diff1": -0.0424,
        "nauc_map_at_1000_max": 0.039627,
        "nauc_map_at_1000_std": 0.306566,
        "nauc_map_at_1000_diff1": -0.046097,
        "nauc_recall_at_1_max": -0.353253,
        "nauc_recall_at_1_std": 0.662448,
        "nauc_recall_at_1_diff1": -0.323168,
        "nauc_recall_at_3_max": 0.199731,
        "nauc_recall_at_3_std": 0.38073,
        "nauc_recall_at_3_diff1": -0.010357,
        "nauc_recall_at_5_max": 0.296061,
        "nauc_recall_at_5_std": 0.294557,
        "nauc_recall_at_5_diff1": -0.09963,
        "nauc_recall_at_10_max": 0.147505,
        "nauc_recall_at_10_std": 0.275413,
        "nauc_recall_at_10_diff1": -0.006509,
        "nauc_recall_at_20_max": 0.082853,
        "nauc_recall_at_20_std": 0.269137,
        "nauc_recall_at_20_diff1": 0.036301,
        "nauc_recall_at_100_max": 0.039507,
        "nauc_recall_at_100_std": 0.190742,
        "nauc_recall_at_100_diff1": 0.077015,
        "nauc_recall_at_1000_max": -0.089878,
        "nauc_recall_at_1000_std": 0.159965,
        "nauc_recall_at_1000_diff1": -0.076436,
        "nauc_precision_at_1_max": -0.353253,
        "nauc_precision_at_1_std": 0.662448,
        "nauc_precision_at_1_diff1": -0.323168,
        "nauc_precision_at_3_max": 0.199731,
        "nauc_precision_at_3_std": 0.38073,
        "nauc_precision_at_3_diff1": -0.010357,
        "nauc_precision_at_5_max": 0.296061,
        "nauc_precision_at_5_std": 0.294557,
        "nauc_precision_at_5_diff1": -0.09963,
        "nauc_precision_at_10_max": 0.147505,
        "nauc_precision_at_10_std": 0.275413,
        "nauc_precision_at_10_diff1": -0.006509,
        "nauc_precision_at_20_max": 0.082853,
        "nauc_precision_at_20_std": 0.269137,
        "nauc_precision_at_20_diff1": 0.036301,
        "nauc_precision_at_100_max": 0.039507,
        "nauc_precision_at_100_std": 0.190742,
        "nauc_precision_at_100_diff1": 0.077015,
        "nauc_precision_at_1000_max": -0.089878,
        "nauc_precision_at_1000_std": 0.159965,
        "nauc_precision_at_1000_diff1": -0.076436,
        "nauc_mrr_at_1_max": -0.353253,
        "nauc_mrr_at_1_std": 0.662448,
        "nauc_mrr_at_1_diff1": -0.323168,
        "nauc_mrr_at_3_max": -0.010419,
        "nauc_mrr_at_3_std": 0.453499,
        "nauc_mrr_at_3_diff1": -0.110146,
        "nauc_mrr_at_5_max": 0.06591,
        "nauc_mrr_at_5_std": 0.394885,
        "nauc_mrr_at_5_diff1": -0.138897,
        "nauc_mrr_at_10_max": 0.056614,
        "nauc_mrr_at_10_std": 0.36138,
        "nauc_mrr_at_10_diff1": -0.087771,
        "nauc_mrr_at_20_max": 0.048296,
        "nauc_mrr_at_20_std": 0.345306,
        "nauc_mrr_at_20_diff1": -0.069329,
        "nauc_mrr_at_100_max": 0.042897,
        "nauc_mrr_at_100_std": 0.312748,
        "nauc_mrr_at_100_diff1": -0.0424,
        "nauc_mrr_at_1000_max": 0.039627,
        "nauc_mrr_at_1000_std": 0.306566,
        "nauc_mrr_at_1000_diff1": -0.046097,
        "main_score": 0.01528,
        "hf_subset": "default",
        "languages": [
          "tur-Latn"
        ]
      }
    ]
  },
  "evaluation_time": 42.795644998550415,
  "kg_co2_emissions": null
}