{
  "dataset_revision": "main",
  "task_name": "MSMarcoTRRetrieval",
  "mteb_version": "1.31.3",
  "scores": {
    "test": [
      {
        "ndcg_at_1": 0.03374,
        "ndcg_at_3": 0.04757,
        "ndcg_at_5": 0.05363,
        "ndcg_at_10": 0.06073,
        "ndcg_at_20": 0.07023,
        "ndcg_at_100": 0.09128,
        "ndcg_at_1000": 0.13049,
        "map_at_1": 0.03374,
        "map_at_3": 0.04393,
        "map_at_5": 0.0473,
        "map_at_10": 0.05022,
        "map_at_20": 0.05282,
        "map_at_100": 0.05547,
        "map_at_1000": 0.05664,
        "recall_at_1": 0.03374,
        "recall_at_3": 0.05819,
        "recall_at_5": 0.07286,
        "recall_at_10": 0.09487,
        "recall_at_20": 0.13252,
        "recall_at_100": 0.24988,
        "recall_at_1000": 0.57555,
        "precision_at_1": 0.03374,
        "precision_at_3": 0.0194,
        "precision_at_5": 0.01457,
        "precision_at_10": 0.00949,
        "precision_at_20": 0.00663,
        "precision_at_100": 0.0025,
        "precision_at_1000": 0.00058,
        "mrr_at_1": 0.033741,
        "mrr_at_3": 0.043928,
        "mrr_at_5": 0.047302,
        "mrr_at_10": 0.050221,
        "mrr_at_20": 0.052823,
        "mrr_at_100": 0.055469,
        "mrr_at_1000": 0.056643,
        "nauc_ndcg_at_1_max": -0.000472,
        "nauc_ndcg_at_1_std": 0.074815,
        "nauc_ndcg_at_1_diff1": 0.429293,
        "nauc_ndcg_at_3_max": 0.019423,
        "nauc_ndcg_at_3_std": 0.079314,
        "nauc_ndcg_at_3_diff1": 0.30193,
        "nauc_ndcg_at_5_max": 0.004622,
        "nauc_ndcg_at_5_std": 0.081872,
        "nauc_ndcg_at_5_diff1": 0.270704,
        "nauc_ndcg_at_10_max": -0.002091,
        "nauc_ndcg_at_10_std": 0.083836,
        "nauc_ndcg_at_10_diff1": 0.241398,
        "nauc_ndcg_at_20_max": -0.014291,
        "nauc_ndcg_at_20_std": 0.080542,
        "nauc_ndcg_at_20_diff1": 0.21707,
        "nauc_ndcg_at_100_max": -0.001553,
        "nauc_ndcg_at_100_std": 0.0802,
        "nauc_ndcg_at_100_diff1": 0.190366,
        "nauc_ndcg_at_1000_max": -0.013857,
        "nauc_ndcg_at_1000_std": 0.054551,
        "nauc_ndcg_at_1000_diff1": 0.172624,
        "nauc_map_at_1_max": -0.000472,
        "nauc_map_at_1_std": 0.074815,
        "nauc_map_at_1_diff1": 0.429293,
        "nauc_map_at_3_max": 0.015578,
        "nauc_map_at_3_std": 0.076362,
        "nauc_map_at_3_diff1": 0.3277,
        "nauc_map_at_5_max": 0.006277,
        "nauc_map_at_5_std": 0.077838,
        "nauc_map_at_5_diff1": 0.306635,
        "nauc_map_at_10_max": 0.002738,
        "nauc_map_at_10_std": 0.078986,
        "nauc_map_at_10_diff1": 0.290306,
        "nauc_map_at_20_max": -0.001527,
        "nauc_map_at_20_std": 0.078,
        "nauc_map_at_20_diff1": 0.280072,
        "nauc_map_at_100_max": -0.000105,
        "nauc_map_at_100_std": 0.077989,
        "nauc_map_at_100_diff1": 0.273617,
        "nauc_map_at_1000_max": -0.000724,
        "nauc_map_at_1000_std": 0.07687,
        "nauc_map_at_1000_diff1": 0.272508,
        "nauc_recall_at_1_max": -0.000472,
        "nauc_recall_at_1_std": 0.074815,
        "nauc_recall_at_1_diff1": 0.429293,
        "nauc_recall_at_3_max": 0.027851,
        "nauc_recall_at_3_std": 0.086404,
        "nauc_recall_at_3_diff1": 0.245112,
        "nauc_recall_at_5_max": 0.000411,
        "nauc_recall_at_5_std": 0.090473,
        "nauc_recall_at_5_diff1": 0.199627,
        "nauc_recall_at_10_max": -0.011691,
        "nauc_recall_at_10_std": 0.092614,
        "nauc_recall_at_10_diff1": 0.157069,
        "nauc_recall_at_20_max": -0.037225,
        "nauc_recall_at_20_std": 0.083356,
        "nauc_recall_at_20_diff1": 0.121478,
        "nauc_recall_at_100_max": 0.004052,
        "nauc_recall_at_100_std": 0.081785,
        "nauc_recall_at_100_diff1": 0.087716,
        "nauc_recall_at_1000_max": -0.039015,
        "nauc_recall_at_1000_std": -0.01061,
        "nauc_recall_at_1000_diff1": 0.028413,
        "nauc_precision_at_1_max": -0.000472,
        "nauc_precision_at_1_std": 0.074815,
        "nauc_precision_at_1_diff1": 0.429293,
        "nauc_precision_at_3_max": 0.027851,
        "nauc_precision_at_3_std": 0.086404,
        "nauc_precision_at_3_diff1": 0.245112,
        "nauc_precision_at_5_max": 0.000411,
        "nauc_precision_at_5_std": 0.090473,
        "nauc_precision_at_5_diff1": 0.199627,
        "nauc_precision_at_10_max": -0.011691,
        "nauc_precision_at_10_std": 0.092614,
        "nauc_precision_at_10_diff1": 0.157069,
        "nauc_precision_at_20_max": -0.037225,
        "nauc_precision_at_20_std": 0.083356,
        "nauc_precision_at_20_diff1": 0.121478,
        "nauc_precision_at_100_max": 0.004052,
        "nauc_precision_at_100_std": 0.081785,
        "nauc_precision_at_100_diff1": 0.087716,
        "nauc_precision_at_1000_max": -0.039015,
        "nauc_precision_at_1000_std": -0.01061,
        "nauc_precision_at_1000_diff1": 0.028413,
        "nauc_mrr_at_1_max": -0.000472,
        "nauc_mrr_at_1_std": 0.074815,
        "nauc_mrr_at_1_diff1": 0.429293,
        "nauc_mrr_at_3_max": 0.015578,
        "nauc_mrr_at_3_std": 0.076362,
        "nauc_mrr_at_3_diff1": 0.3277,
        "nauc_mrr_at_5_max": 0.006277,
        "nauc_mrr_at_5_std": 0.077838,
        "nauc_mrr_at_5_diff1": 0.306635,
        "nauc_mrr_at_10_max": 0.002738,
        "nauc_mrr_at_10_std": 0.078986,
        "nauc_mrr_at_10_diff1": 0.290306,
        "nauc_mrr_at_20_max": -0.001527,
        "nauc_mrr_at_20_std": 0.078,
        "nauc_mrr_at_20_diff1": 0.280072,
        "nauc_mrr_at_100_max": -0.000105,
        "nauc_mrr_at_100_std": 0.077989,
        "nauc_mrr_at_100_diff1": 0.273617,
        "nauc_mrr_at_1000_max": -0.000724,
        "nauc_mrr_at_1000_std": 0.07687,
        "nauc_mrr_at_1000_diff1": 0.272508,
        "main_score": 0.06073,
        "hf_subset": "default",
        "languages": [
          "tur-Latn"
        ]
      }
    ]
  },
  "evaluation_time": 24.102216958999634,
  "kg_co2_emissions": null
}