{
  "dataset_revision": "main",
  "task_name": "NFCorpusTR",
  "mteb_version": "1.31.3",
  "scores": {
    "test": [
      {
        "ndcg_at_1": 0.0,
        "ndcg_at_3": 0.00248,
        "ndcg_at_5": 0.00401,
        "ndcg_at_10": 0.00401,
        "ndcg_at_20": 0.00401,
        "ndcg_at_100": 0.01969,
        "ndcg_at_1000": 0.09869,
        "map_at_1": 0.0,
        "map_at_3": 0.00197,
        "map_at_5": 0.00276,
        "map_at_10": 0.00276,
        "map_at_20": 0.00276,
        "map_at_100": 0.00453,
        "map_at_1000": 0.00635,
        "recall_at_1": 0.0,
        "recall_at_3": 0.00394,
        "recall_at_5": 0.00787,
        "recall_at_10": 0.00787,
        "recall_at_20": 0.00787,
        "recall_at_100": 0.09843,
        "recall_at_1000": 0.7874,
        "precision_at_1": 0.0,
        "precision_at_3": 0.00131,
        "precision_at_5": 0.00157,
        "precision_at_10": 0.00079,
        "precision_at_20": 0.00039,
        "precision_at_100": 0.00098,
        "precision_at_1000": 0.00079,
        "mrr_at_1": 0.0,
        "mrr_at_3": 0.001969,
        "mrr_at_5": 0.002756,
        "mrr_at_10": 0.002756,
        "mrr_at_20": 0.002756,
        "mrr_at_100": 0.004529,
        "mrr_at_1000": 0.006353,
        "nauc_ndcg_at_1_max": NaN,
        "nauc_ndcg_at_1_std": NaN,
        "nauc_ndcg_at_1_diff1": NaN,
        "nauc_ndcg_at_3_max": -0.204805,
        "nauc_ndcg_at_3_std": 0.657938,
        "nauc_ndcg_at_3_diff1": 1.0,
        "nauc_ndcg_at_5_max": -0.004348,
        "nauc_ndcg_at_5_std": 0.657938,
        "nauc_ndcg_at_5_diff1": 0.40236,
        "nauc_ndcg_at_10_max": -0.004348,
        "nauc_ndcg_at_10_std": 0.657938,
        "nauc_ndcg_at_10_diff1": 0.40236,
        "nauc_ndcg_at_20_max": -0.004348,
        "nauc_ndcg_at_20_std": 0.657938,
        "nauc_ndcg_at_20_diff1": 0.40236,
        "nauc_ndcg_at_100_max": 0.007913,
        "nauc_ndcg_at_100_std": 0.196838,
        "nauc_ndcg_at_100_diff1": -0.081231,
        "nauc_ndcg_at_1000_max": -0.013998,
        "nauc_ndcg_at_1000_std": 0.143149,
        "nauc_ndcg_at_1000_diff1": 0.129466,
        "nauc_map_at_1_max": NaN,
        "nauc_map_at_1_std": NaN,
        "nauc_map_at_1_diff1": NaN,
        "nauc_map_at_3_max": -0.204805,
        "nauc_map_at_3_std": 0.657938,
        "nauc_map_at_3_diff1": 1.0,
        "nauc_map_at_5_max": -0.054122,
        "nauc_map_at_5_std": 0.657938,
        "nauc_map_at_5_diff1": 0.550758,
        "nauc_map_at_10_max": -0.054122,
        "nauc_map_at_10_std": 0.657938,
        "nauc_map_at_10_diff1": 0.550758,
        "nauc_map_at_20_max": -0.054122,
        "nauc_map_at_20_std": 0.657938,
        "nauc_map_at_20_diff1": 0.550758,
        "nauc_map_at_100_max": -0.033656,
        "nauc_map_at_100_std": 0.441828,
        "nauc_map_at_100_diff1": 0.255447,
        "nauc_map_at_1000_max": -0.029603,
        "nauc_map_at_1000_std": 0.400854,
        "nauc_map_at_1000_diff1": 0.264465,
        "nauc_recall_at_1_max": NaN,
        "nauc_recall_at_1_std": NaN,
        "nauc_recall_at_1_diff1": NaN,
        "nauc_recall_at_3_max": -0.204805,
        "nauc_recall_at_3_std": 0.657938,
        "nauc_recall_at_3_diff1": 1.0,
        "nauc_recall_at_5_max": 0.058889,
        "nauc_recall_at_5_std": 0.657938,
        "nauc_recall_at_5_diff1": 0.213826,
        "nauc_recall_at_10_max": 0.058889,
        "nauc_recall_at_10_std": 0.657938,
        "nauc_recall_at_10_diff1": 0.213826,
        "nauc_recall_at_20_max": 0.058889,
        "nauc_recall_at_20_std": 0.657938,
        "nauc_recall_at_20_diff1": 0.213826,
        "nauc_recall_at_100_max": 0.019983,
        "nauc_recall_at_100_std": 0.120162,
        "nauc_recall_at_100_diff1": -0.171712,
        "nauc_recall_at_1000_max": -0.028436,
        "nauc_recall_at_1000_std": 0.072989,
        "nauc_recall_at_1000_diff1": 0.184721,
        "nauc_precision_at_1_max": NaN,
        "nauc_precision_at_1_std": NaN,
        "nauc_precision_at_1_diff1": NaN,
        "nauc_precision_at_3_max": -0.204805,
        "nauc_precision_at_3_std": 0.657938,
        "nauc_precision_at_3_diff1": 1.0,
        "nauc_precision_at_5_max": 0.058889,
        "nauc_precision_at_5_std": 0.657938,
        "nauc_precision_at_5_diff1": 0.213826,
        "nauc_precision_at_10_max": 0.058889,
        "nauc_precision_at_10_std": 0.657938,
        "nauc_precision_at_10_diff1": 0.213826,
        "nauc_precision_at_20_max": 0.058889,
        "nauc_precision_at_20_std": 0.657938,
        "nauc_precision_at_20_diff1": 0.213826,
        "nauc_precision_at_100_max": 0.019983,
        "nauc_precision_at_100_std": 0.120162,
        "nauc_precision_at_100_diff1": -0.171712,
        "nauc_precision_at_1000_max": -0.028436,
        "nauc_precision_at_1000_std": 0.072989,
        "nauc_precision_at_1000_diff1": 0.184721,
        "nauc_mrr_at_1_max": NaN,
        "nauc_mrr_at_1_std": NaN,
        "nauc_mrr_at_1_diff1": NaN,
        "nauc_mrr_at_3_max": -0.204805,
        "nauc_mrr_at_3_std": 0.657938,
        "nauc_mrr_at_3_diff1": 1.0,
        "nauc_mrr_at_5_max": -0.054122,
        "nauc_mrr_at_5_std": 0.657938,
        "nauc_mrr_at_5_diff1": 0.550758,
        "nauc_mrr_at_10_max": -0.054122,
        "nauc_mrr_at_10_std": 0.657938,
        "nauc_mrr_at_10_diff1": 0.550758,
        "nauc_mrr_at_20_max": -0.054122,
        "nauc_mrr_at_20_std": 0.657938,
        "nauc_mrr_at_20_diff1": 0.550758,
        "nauc_mrr_at_100_max": -0.033656,
        "nauc_mrr_at_100_std": 0.441828,
        "nauc_mrr_at_100_diff1": 0.255447,
        "nauc_mrr_at_1000_max": -0.029607,
        "nauc_mrr_at_1000_std": 0.400858,
        "nauc_mrr_at_1000_diff1": 0.264473,
        "main_score": 0.00401,
        "hf_subset": "default",
        "languages": [
          "tur-Latn"
        ]
      }
    ]
  },
  "evaluation_time": 55.43200707435608,
  "kg_co2_emissions": null
}