{
  "dataset_revision": "main",
  "task_name": "QuoraRetrievalTR",
  "mteb_version": "1.31.3",
  "scores": {
    "test": [
      {
        "ndcg_at_1": 0.39023,
        "ndcg_at_3": 0.43642,
        "ndcg_at_5": 0.44884,
        "ndcg_at_10": 0.46437,
        "ndcg_at_20": 0.47409,
        "ndcg_at_100": 0.49532,
        "ndcg_at_1000": 0.52305,
        "map_at_1": 0.39023,
        "map_at_3": 0.4249,
        "map_at_5": 0.43179,
        "map_at_10": 0.43825,
        "map_at_20": 0.44085,
        "map_at_100": 0.44362,
        "map_at_1000": 0.44455,
        "recall_at_1": 0.39023,
        "recall_at_3": 0.46981,
        "recall_at_5": 0.5,
        "recall_at_10": 0.54775,
        "recall_at_20": 0.58672,
        "recall_at_100": 0.70362,
        "recall_at_1000": 0.92865,
        "precision_at_1": 0.39023,
        "precision_at_3": 0.1566,
        "precision_at_5": 0.1,
        "precision_at_10": 0.05477,
        "precision_at_20": 0.02934,
        "precision_at_100": 0.00704,
        "precision_at_1000": 0.00093,
        "mrr_at_1": 0.390231,
        "mrr_at_3": 0.424808,
        "mrr_at_5": 0.431696,
        "mrr_at_10": 0.438155,
        "mrr_at_20": 0.440755,
        "mrr_at_100": 0.443527,
        "mrr_at_1000": 0.44446,
        "nauc_ndcg_at_1_max": 0.606276,
        "nauc_ndcg_at_1_std": 0.166263,
        "nauc_ndcg_at_1_diff1": 0.819527,
        "nauc_ndcg_at_3_max": 0.585659,
        "nauc_ndcg_at_3_std": 0.185184,
        "nauc_ndcg_at_3_diff1": 0.765427,
        "nauc_ndcg_at_5_max": 0.580849,
        "nauc_ndcg_at_5_std": 0.183745,
        "nauc_ndcg_at_5_diff1": 0.753511,
        "nauc_ndcg_at_10_max": 0.579492,
        "nauc_ndcg_at_10_std": 0.196222,
        "nauc_ndcg_at_10_diff1": 0.74403,
        "nauc_ndcg_at_20_max": 0.574182,
        "nauc_ndcg_at_20_std": 0.199747,
        "nauc_ndcg_at_20_diff1": 0.737005,
        "nauc_ndcg_at_100_max": 0.567548,
        "nauc_ndcg_at_100_std": 0.197223,
        "nauc_ndcg_at_100_diff1": 0.729493,
        "nauc_ndcg_at_1000_max": 0.571518,
        "nauc_ndcg_at_1000_std": 0.193564,
        "nauc_ndcg_at_1000_diff1": 0.740389,
        "nauc_map_at_1_max": 0.606276,
        "nauc_map_at_1_std": 0.166263,
        "nauc_map_at_1_diff1": 0.819527,
        "nauc_map_at_3_max": 0.591191,
        "nauc_map_at_3_std": 0.180149,
        "nauc_map_at_3_diff1": 0.779128,
        "nauc_map_at_5_max": 0.588698,
        "nauc_map_at_5_std": 0.179478,
        "nauc_map_at_5_diff1": 0.772587,
        "nauc_map_at_10_max": 0.588042,
        "nauc_map_at_10_std": 0.184722,
        "nauc_map_at_10_diff1": 0.768612,
        "nauc_map_at_20_max": 0.586731,
        "nauc_map_at_20_std": 0.185646,
        "nauc_map_at_20_diff1": 0.766895,
        "nauc_map_at_100_max": 0.585745,
        "nauc_map_at_100_std": 0.18522,
        "nauc_map_at_100_diff1": 0.7659,
        "nauc_map_at_1000_max": 0.585865,
        "nauc_map_at_1000_std": 0.185154,
        "nauc_map_at_1000_diff1": 0.766196,
        "nauc_recall_at_1_max": 0.606276,
        "nauc_recall_at_1_std": 0.166263,
        "nauc_recall_at_1_diff1": 0.819527,
        "nauc_recall_at_3_max": 0.569295,
        "nauc_recall_at_3_std": 0.200062,
        "nauc_recall_at_3_diff1": 0.725205,
        "nauc_recall_at_5_max": 0.556632,
        "nauc_recall_at_5_std": 0.196102,
        "nauc_recall_at_5_diff1": 0.69539,
        "nauc_recall_at_10_max": 0.551883,
        "nauc_recall_at_10_std": 0.236125,
        "nauc_recall_at_10_diff1": 0.662962,
        "nauc_recall_at_20_max": 0.527085,
        "nauc_recall_at_20_std": 0.252949,
        "nauc_recall_at_20_diff1": 0.628353,
        "nauc_recall_at_100_max": 0.472286,
        "nauc_recall_at_100_std": 0.249632,
        "nauc_recall_at_100_diff1": 0.551178,
        "nauc_recall_at_1000_max": 0.371935,
        "nauc_recall_at_1000_std": 0.23112,
        "nauc_recall_at_1000_diff1": 0.503487,
        "nauc_precision_at_1_max": 0.606276,
        "nauc_precision_at_1_std": 0.166263,
        "nauc_precision_at_1_diff1": 0.819527,
        "nauc_precision_at_3_max": 0.569295,
        "nauc_precision_at_3_std": 0.200062,
        "nauc_precision_at_3_diff1": 0.725205,
        "nauc_precision_at_5_max": 0.556632,
        "nauc_precision_at_5_std": 0.196102,
        "nauc_precision_at_5_diff1": 0.69539,
        "nauc_precision_at_10_max": 0.551883,
        "nauc_precision_at_10_std": 0.236125,
        "nauc_precision_at_10_diff1": 0.662962,
        "nauc_precision_at_20_max": 0.527085,
        "nauc_precision_at_20_std": 0.252949,
        "nauc_precision_at_20_diff1": 0.628353,
        "nauc_precision_at_100_max": 0.472286,
        "nauc_precision_at_100_std": 0.249632,
        "nauc_precision_at_100_diff1": 0.551178,
        "nauc_precision_at_1000_max": 0.371935,
        "nauc_precision_at_1000_std": 0.23112,
        "nauc_precision_at_1000_diff1": 0.503487,
        "nauc_mrr_at_1_max": 0.608067,
        "nauc_mrr_at_1_std": 0.170009,
        "nauc_mrr_at_1_diff1": 0.819527,
        "nauc_mrr_at_3_max": 0.592106,
        "nauc_mrr_at_3_std": 0.181887,
        "nauc_mrr_at_3_diff1": 0.779325,
        "nauc_mrr_at_5_max": 0.589616,
        "nauc_mrr_at_5_std": 0.18122,
        "nauc_mrr_at_5_diff1": 0.772785,
        "nauc_mrr_at_10_max": 0.588965,
        "nauc_mrr_at_10_std": 0.186475,
        "nauc_mrr_at_10_diff1": 0.768812,
        "nauc_mrr_at_20_max": 0.587657,
        "nauc_mrr_at_20_std": 0.187403,
        "nauc_mrr_at_20_diff1": 0.767096,
        "nauc_mrr_at_100_max": 0.586675,
        "nauc_mrr_at_100_std": 0.186985,
        "nauc_mrr_at_100_diff1": 0.766102,
        "nauc_mrr_at_1000_max": 0.586797,
        "nauc_mrr_at_1000_std": 0.186923,
        "nauc_mrr_at_1000_diff1": 0.766397,
        "main_score": 0.46437,
        "hf_subset": "default",
        "languages": [
          "tur-Latn"
        ]
      }
    ]
  },
  "evaluation_time": 17.405899047851562,
  "kg_co2_emissions": null
}