{
  "dataset_revision": "main",
  "task_name": "SCIDOCSTR",
  "mteb_version": "1.31.3",
  "scores": {
    "test": [
      {
        "ndcg_at_1": 0.0,
        "ndcg_at_3": 0.0,
        "ndcg_at_5": 0.00043,
        "ndcg_at_10": 0.00265,
        "ndcg_at_20": 0.00372,
        "ndcg_at_100": 0.01268,
        "ndcg_at_1000": 0.06279,
        "map_at_1": 0.0,
        "map_at_3": 0.0,
        "map_at_5": 0.00022,
        "map_at_10": 0.00117,
        "map_at_20": 0.00144,
        "map_at_100": 0.00255,
        "map_at_1000": 0.00368,
        "recall_at_1": 0.0,
        "recall_at_3": 0.0,
        "recall_at_5": 0.00111,
        "recall_at_10": 0.0078,
        "recall_at_20": 0.01226,
        "recall_at_100": 0.06243,
        "recall_at_1000": 0.5039,
        "precision_at_1": 0.0,
        "precision_at_3": 0.0,
        "precision_at_5": 0.00022,
        "precision_at_10": 0.00078,
        "precision_at_20": 0.00061,
        "precision_at_100": 0.00062,
        "precision_at_1000": 0.0005,
        "mrr_at_1": 0.0,
        "mrr_at_3": 0.0,
        "mrr_at_5": 0.000223,
        "mrr_at_10": 0.001175,
        "mrr_at_20": 0.00144,
        "mrr_at_100": 0.002552,
        "mrr_at_1000": 0.003675,
        "nauc_ndcg_at_1_max": NaN,
        "nauc_ndcg_at_1_std": NaN,
        "nauc_ndcg_at_1_diff1": NaN,
        "nauc_ndcg_at_3_max": NaN,
        "nauc_ndcg_at_3_std": NaN,
        "nauc_ndcg_at_3_diff1": NaN,
        "nauc_ndcg_at_5_max": -0.415316,
        "nauc_ndcg_at_5_std": 0.662876,
        "nauc_ndcg_at_5_diff1": -0.318689,
        "nauc_ndcg_at_10_max": -0.262379,
        "nauc_ndcg_at_10_std": 0.392643,
        "nauc_ndcg_at_10_diff1": -0.013651,
        "nauc_ndcg_at_20_max": -0.206568,
        "nauc_ndcg_at_20_std": 0.289483,
        "nauc_ndcg_at_20_diff1": -0.07536,
        "nauc_ndcg_at_100_max": -0.075943,
        "nauc_ndcg_at_100_std": 0.03293,
        "nauc_ndcg_at_100_diff1": -0.032033,
        "nauc_ndcg_at_1000_max": -0.037331,
        "nauc_ndcg_at_1000_std": 0.037077,
        "nauc_ndcg_at_1000_diff1": 0.032482,
        "nauc_map_at_1_max": NaN,
        "nauc_map_at_1_std": NaN,
        "nauc_map_at_1_diff1": NaN,
        "nauc_map_at_3_max": NaN,
        "nauc_map_at_3_std": NaN,
        "nauc_map_at_3_diff1": NaN,
        "nauc_map_at_5_max": -0.415316,
        "nauc_map_at_5_std": 0.662876,
        "nauc_map_at_5_diff1": -0.318689,
        "nauc_map_at_10_max": -0.267003,
        "nauc_map_at_10_std": 0.403719,
        "nauc_map_at_10_diff1": -0.060233,
        "nauc_map_at_20_max": -0.234525,
        "nauc_map_at_20_std": 0.33212,
        "nauc_map_at_20_diff1": -0.090983,
        "nauc_map_at_100_max": -0.137228,
        "nauc_map_at_100_std": 0.131086,
        "nauc_map_at_100_diff1": -0.044901,
        "nauc_map_at_1000_max": -0.124087,
        "nauc_map_at_1000_std": 0.116543,
        "nauc_map_at_1000_diff1": -0.02482,
        "nauc_recall_at_1_max": NaN,
        "nauc_recall_at_1_std": NaN,
        "nauc_recall_at_1_diff1": NaN,
        "nauc_recall_at_3_max": NaN,
        "nauc_recall_at_3_std": NaN,
        "nauc_recall_at_3_diff1": NaN,
        "nauc_recall_at_5_max": -0.415316,
        "nauc_recall_at_5_std": 0.662876,
        "nauc_recall_at_5_diff1": -0.318689,
        "nauc_recall_at_10_max": -0.258764,
        "nauc_recall_at_10_std": 0.38429,
        "nauc_recall_at_10_diff1": 0.022437,
        "nauc_recall_at_20_max": -0.185926,
        "nauc_recall_at_20_std": 0.260266,
        "nauc_recall_at_20_diff1": -0.068814,
        "nauc_recall_at_100_max": -0.05636,
        "nauc_recall_at_100_std": 0.007582,
        "nauc_recall_at_100_diff1": -0.033433,
        "nauc_recall_at_1000_max": -0.012404,
        "nauc_recall_at_1000_std": 0.027454,
        "nauc_recall_at_1000_diff1": 0.049418,
        "nauc_precision_at_1_max": NaN,
        "nauc_precision_at_1_std": NaN,
        "nauc_precision_at_1_diff1": NaN,
        "nauc_precision_at_3_max": NaN,
        "nauc_precision_at_3_std": NaN,
        "nauc_precision_at_3_diff1": NaN,
        "nauc_precision_at_5_max": -0.415316,
        "nauc_precision_at_5_std": 0.662876,
        "nauc_precision_at_5_diff1": -0.318689,
        "nauc_precision_at_10_max": -0.258764,
        "nauc_precision_at_10_std": 0.38429,
        "nauc_precision_at_10_diff1": 0.022437,
        "nauc_precision_at_20_max": -0.185926,
        "nauc_precision_at_20_std": 0.260266,
        "nauc_precision_at_20_diff1": -0.068814,
        "nauc_precision_at_100_max": -0.05636,
        "nauc_precision_at_100_std": 0.007582,
        "nauc_precision_at_100_diff1": -0.033433,
        "nauc_precision_at_1000_max": -0.012404,
        "nauc_precision_at_1000_std": 0.027454,
        "nauc_precision_at_1000_diff1": 0.049418,
        "nauc_mrr_at_1_max": NaN,
        "nauc_mrr_at_1_std": NaN,
        "nauc_mrr_at_1_diff1": NaN,
        "nauc_mrr_at_3_max": NaN,
        "nauc_mrr_at_3_std": NaN,
        "nauc_mrr_at_3_diff1": NaN,
        "nauc_mrr_at_5_max": -0.415316,
        "nauc_mrr_at_5_std": 0.662876,
        "nauc_mrr_at_5_diff1": -0.318689,
        "nauc_mrr_at_10_max": -0.267003,
        "nauc_mrr_at_10_std": 0.403719,
        "nauc_mrr_at_10_diff1": -0.060233,
        "nauc_mrr_at_20_max": -0.234525,
        "nauc_mrr_at_20_std": 0.33212,
        "nauc_mrr_at_20_diff1": -0.090983,
        "nauc_mrr_at_100_max": -0.137228,
        "nauc_mrr_at_100_std": 0.131086,
        "nauc_mrr_at_100_diff1": -0.044901,
        "nauc_mrr_at_1000_max": -0.124087,
        "nauc_mrr_at_1000_std": 0.116542,
        "nauc_mrr_at_1000_diff1": -0.024821,
        "main_score": 0.00265,
        "hf_subset": "default",
        "languages": [
          "tur-Latn"
        ]
      }
    ]
  },
  "evaluation_time": 52.85023593902588,
  "kg_co2_emissions": null
}