{
  "dataset_revision": "main",
  "task_name": "SciFactTR",
  "mteb_version": "1.31.3",
  "scores": {
    "test": [
      {
        "ndcg_at_1": 0.07,
        "ndcg_at_3": 0.12111,
        "ndcg_at_5": 0.14133,
        "ndcg_at_10": 0.16327,
        "ndcg_at_20": 0.18426,
        "ndcg_at_100": 0.24456,
        "ndcg_at_1000": 0.28544,
        "map_at_1": 0.07,
        "map_at_3": 0.10778,
        "map_at_5": 0.11878,
        "map_at_10": 0.12743,
        "map_at_20": 0.13317,
        "map_at_100": 0.14069,
        "map_at_1000": 0.1426,
        "recall_at_1": 0.07,
        "recall_at_3": 0.16,
        "recall_at_5": 0.21,
        "recall_at_10": 0.28,
        "recall_at_20": 0.36333,
        "recall_at_100": 0.7,
        "recall_at_1000": 1.0,
        "precision_at_1": 0.07,
        "precision_at_3": 0.05333,
        "precision_at_5": 0.042,
        "precision_at_10": 0.028,
        "precision_at_20": 0.01817,
        "precision_at_100": 0.007,
        "precision_at_1000": 0.001,
        "mrr_at_1": 0.07,
        "mrr_at_3": 0.107778,
        "mrr_at_5": 0.118778,
        "mrr_at_10": 0.127434,
        "mrr_at_20": 0.133168,
        "mrr_at_100": 0.140688,
        "mrr_at_1000": 0.142598,
        "nauc_ndcg_at_1_max": 0.18985,
        "nauc_ndcg_at_1_std": -0.079357,
        "nauc_ndcg_at_1_diff1": 0.302886,
        "nauc_ndcg_at_3_max": 0.191133,
        "nauc_ndcg_at_3_std": -0.081543,
        "nauc_ndcg_at_3_diff1": 0.183315,
        "nauc_ndcg_at_5_max": 0.171848,
        "nauc_ndcg_at_5_std": -0.08196,
        "nauc_ndcg_at_5_diff1": 0.191299,
        "nauc_ndcg_at_10_max": 0.165576,
        "nauc_ndcg_at_10_std": -0.061845,
        "nauc_ndcg_at_10_diff1": 0.166165,
        "nauc_ndcg_at_20_max": 0.127418,
        "nauc_ndcg_at_20_std": -0.051825,
        "nauc_ndcg_at_20_diff1": 0.138611,
        "nauc_ndcg_at_100_max": 0.15874,
        "nauc_ndcg_at_100_std": -0.060401,
        "nauc_ndcg_at_100_diff1": 0.172171,
        "nauc_ndcg_at_1000_max": 0.163173,
        "nauc_ndcg_at_1000_std": -0.058579,
        "nauc_ndcg_at_1000_diff1": 0.171031,
        "nauc_map_at_1_max": 0.18985,
        "nauc_map_at_1_std": -0.079357,
        "nauc_map_at_1_diff1": 0.302886,
        "nauc_map_at_3_max": 0.192366,
        "nauc_map_at_3_std": -0.077165,
        "nauc_map_at_3_diff1": 0.20637,
        "nauc_map_at_5_max": 0.181003,
        "nauc_map_at_5_std": -0.07827,
        "nauc_map_at_5_diff1": 0.21061,
        "nauc_map_at_10_max": 0.17887,
        "nauc_map_at_10_std": -0.066931,
        "nauc_map_at_10_diff1": 0.199288,
        "nauc_map_at_20_max": 0.165606,
        "nauc_map_at_20_std": -0.06359,
        "nauc_map_at_20_diff1": 0.189497,
        "nauc_map_at_100_max": 0.17109,
        "nauc_map_at_100_std": -0.063607,
        "nauc_map_at_100_diff1": 0.192258,
        "nauc_map_at_1000_max": 0.171842,
        "nauc_map_at_1000_std": -0.063568,
        "nauc_map_at_1000_diff1": 0.192373,
        "nauc_recall_at_1_max": 0.18985,
        "nauc_recall_at_1_std": -0.079357,
        "nauc_recall_at_1_diff1": 0.302886,
        "nauc_recall_at_3_max": 0.188156,
        "nauc_recall_at_3_std": -0.091777,
        "nauc_recall_at_3_diff1": 0.134807,
        "nauc_recall_at_5_max": 0.152317,
        "nauc_recall_at_5_std": -0.089231,
        "nauc_recall_at_5_diff1": 0.155769,
        "nauc_recall_at_10_max": 0.138052,
        "nauc_recall_at_10_std": -0.051395,
        "nauc_recall_at_10_diff1": 0.103181,
        "nauc_recall_at_20_max": 0.044144,
        "nauc_recall_at_20_std": -0.026118,
        "nauc_recall_at_20_diff1": 0.038065,
        "nauc_recall_at_100_max": 0.148292,
        "nauc_recall_at_100_std": -0.070486,
        "nauc_recall_at_100_diff1": 0.178857,
        "nauc_recall_at_1000_max": NaN,
        "nauc_recall_at_1000_std": NaN,
        "nauc_recall_at_1000_diff1": NaN,
        "nauc_precision_at_1_max": 0.18985,
        "nauc_precision_at_1_std": -0.079357,
        "nauc_precision_at_1_diff1": 0.302886,
        "nauc_precision_at_3_max": 0.188156,
        "nauc_precision_at_3_std": -0.091777,
        "nauc_precision_at_3_diff1": 0.134807,
        "nauc_precision_at_5_max": 0.152317,
        "nauc_precision_at_5_std": -0.089231,
        "nauc_precision_at_5_diff1": 0.155769,
        "nauc_precision_at_10_max": 0.138052,
        "nauc_precision_at_10_std": -0.051395,
        "nauc_precision_at_10_diff1": 0.103181,
        "nauc_precision_at_20_max": 0.044144,
        "nauc_precision_at_20_std": -0.026118,
        "nauc_precision_at_20_diff1": 0.038065,
        "nauc_precision_at_100_max": 0.148292,
        "nauc_precision_at_100_std": -0.070486,
        "nauc_precision_at_100_diff1": 0.178857,
        "nauc_precision_at_1000_max": 1.0,
        "nauc_precision_at_1000_std": 1.0,
        "nauc_precision_at_1000_diff1": 1.0,
        "nauc_mrr_at_1_max": 0.18985,
        "nauc_mrr_at_1_std": -0.079357,
        "nauc_mrr_at_1_diff1": 0.302886,
        "nauc_mrr_at_3_max": 0.192366,
        "nauc_mrr_at_3_std": -0.077165,
        "nauc_mrr_at_3_diff1": 0.20637,
        "nauc_mrr_at_5_max": 0.181003,
        "nauc_mrr_at_5_std": -0.07827,
        "nauc_mrr_at_5_diff1": 0.21061,
        "nauc_mrr_at_10_max": 0.17887,
        "nauc_mrr_at_10_std": -0.066931,
        "nauc_mrr_at_10_diff1": 0.199288,
        "nauc_mrr_at_20_max": 0.165606,
        "nauc_mrr_at_20_std": -0.06359,
        "nauc_mrr_at_20_diff1": 0.189497,
        "nauc_mrr_at_100_max": 0.17109,
        "nauc_mrr_at_100_std": -0.063607,
        "nauc_mrr_at_100_diff1": 0.192258,
        "nauc_mrr_at_1000_max": 0.171842,
        "nauc_mrr_at_1000_std": -0.063568,
        "nauc_mrr_at_1000_diff1": 0.192373,
        "main_score": 0.16327,
        "hf_subset": "default",
        "languages": [
          "tur-Latn"
        ]
      }
    ]
  },
  "evaluation_time": 13.005293130874634,
  "kg_co2_emissions": null
}