{
  "dataset_revision": "main",
  "task_name": "SquadTRRetrieval",
  "mteb_version": "1.31.3",
  "scores": {
    "test": [
      {
        "ndcg_at_1": 0.03643,
        "ndcg_at_3": 0.05622,
        "ndcg_at_5": 0.06658,
        "ndcg_at_10": 0.08067,
        "ndcg_at_20": 0.09531,
        "ndcg_at_100": 0.13675,
        "ndcg_at_1000": 0.20302,
        "map_at_1": 0.03643,
        "map_at_3": 0.05116,
        "map_at_5": 0.05693,
        "map_at_10": 0.06268,
        "map_at_20": 0.06662,
        "map_at_100": 0.0719,
        "map_at_1000": 0.07397,
        "recall_at_1": 0.03643,
        "recall_at_3": 0.07092,
        "recall_at_5": 0.09601,
        "recall_at_10": 0.13991,
        "recall_at_20": 0.19841,
        "recall_at_100": 0.42842,
        "recall_at_1000": 0.97383,
        "precision_at_1": 0.03643,
        "precision_at_3": 0.02364,
        "precision_at_5": 0.0192,
        "precision_at_10": 0.01399,
        "precision_at_20": 0.00992,
        "precision_at_100": 0.00428,
        "precision_at_1000": 0.00097,
        "mrr_at_1": 0.036425,
        "mrr_at_3": 0.05116,
        "mrr_at_5": 0.056925,
        "mrr_at_10": 0.062681,
        "mrr_at_20": 0.066624,
        "mrr_at_100": 0.071904,
        "mrr_at_1000": 0.073971,
        "nauc_ndcg_at_1_max": 0.245626,
        "nauc_ndcg_at_1_std": 0.126334,
        "nauc_ndcg_at_1_diff1": 0.245735,
        "nauc_ndcg_at_3_max": 0.213834,
        "nauc_ndcg_at_3_std": 0.110386,
        "nauc_ndcg_at_3_diff1": 0.149095,
        "nauc_ndcg_at_5_max": 0.196642,
        "nauc_ndcg_at_5_std": 0.118277,
        "nauc_ndcg_at_5_diff1": 0.120317,
        "nauc_ndcg_at_10_max": 0.18271,
        "nauc_ndcg_at_10_std": 0.124218,
        "nauc_ndcg_at_10_diff1": 0.107528,
        "nauc_ndcg_at_20_max": 0.173081,
        "nauc_ndcg_at_20_std": 0.125523,
        "nauc_ndcg_at_20_diff1": 0.088749,
        "nauc_ndcg_at_100_max": 0.177839,
        "nauc_ndcg_at_100_std": 0.142952,
        "nauc_ndcg_at_100_diff1": 0.086325,
        "nauc_ndcg_at_1000_max": 0.186955,
        "nauc_ndcg_at_1000_std": 0.14227,
        "nauc_ndcg_at_1000_diff1": 0.102419,
        "nauc_map_at_1_max": 0.245626,
        "nauc_map_at_1_std": 0.126334,
        "nauc_map_at_1_diff1": 0.245735,
        "nauc_map_at_3_max": 0.22101,
        "nauc_map_at_3_std": 0.113927,
        "nauc_map_at_3_diff1": 0.166756,
        "nauc_map_at_5_max": 0.209346,
        "nauc_map_at_5_std": 0.118575,
        "nauc_map_at_5_diff1": 0.146126,
        "nauc_map_at_10_max": 0.201529,
        "nauc_map_at_10_std": 0.121751,
        "nauc_map_at_10_diff1": 0.137462,
        "nauc_map_at_20_max": 0.197277,
        "nauc_map_at_20_std": 0.12233,
        "nauc_map_at_20_diff1": 0.129392,
        "nauc_map_at_100_max": 0.197482,
        "nauc_map_at_100_std": 0.125808,
        "nauc_map_at_100_diff1": 0.127775,
        "nauc_map_at_1000_max": 0.198086,
        "nauc_map_at_1000_std": 0.126153,
        "nauc_map_at_1000_diff1": 0.128517,
        "nauc_recall_at_1_max": 0.245626,
        "nauc_recall_at_1_std": 0.126334,
        "nauc_recall_at_1_diff1": 0.245735,
        "nauc_recall_at_3_max": 0.198386,
        "nauc_recall_at_3_std": 0.102773,
        "nauc_recall_at_3_diff1": 0.112013,
        "nauc_recall_at_5_max": 0.172936,
        "nauc_recall_at_5_std": 0.11833,
        "nauc_recall_at_5_diff1": 0.073657,
        "nauc_recall_at_10_max": 0.151986,
        "nauc_recall_at_10_std": 0.129117,
        "nauc_recall_at_10_diff1": 0.061863,
        "nauc_recall_at_20_max": 0.139061,
        "nauc_recall_at_20_std": 0.130721,
        "nauc_recall_at_20_diff1": 0.033442,
        "nauc_recall_at_100_max": 0.158937,
        "nauc_recall_at_100_std": 0.172756,
        "nauc_recall_at_100_diff1": 0.040135,
        "nauc_recall_at_1000_max": 0.243053,
        "nauc_recall_at_1000_std": 0.387273,
        "nauc_recall_at_1000_diff1": 0.114495,
        "nauc_precision_at_1_max": 0.245626,
        "nauc_precision_at_1_std": 0.126334,
        "nauc_precision_at_1_diff1": 0.245735,
        "nauc_precision_at_3_max": 0.198386,
        "nauc_precision_at_3_std": 0.102773,
        "nauc_precision_at_3_diff1": 0.112013,
        "nauc_precision_at_5_max": 0.172936,
        "nauc_precision_at_5_std": 0.11833,
        "nauc_precision_at_5_diff1": 0.073657,
        "nauc_precision_at_10_max": 0.151986,
        "nauc_precision_at_10_std": 0.129117,
        "nauc_precision_at_10_diff1": 0.061863,
        "nauc_precision_at_20_max": 0.139061,
        "nauc_precision_at_20_std": 0.130721,
        "nauc_precision_at_20_diff1": 0.033442,
        "nauc_precision_at_100_max": 0.158937,
        "nauc_precision_at_100_std": 0.172756,
        "nauc_precision_at_100_diff1": 0.040135,
        "nauc_precision_at_1000_max": 0.243053,
        "nauc_precision_at_1000_std": 0.387273,
        "nauc_precision_at_1000_diff1": 0.114495,
        "nauc_mrr_at_1_max": 0.245626,
        "nauc_mrr_at_1_std": 0.126334,
        "nauc_mrr_at_1_diff1": 0.245735,
        "nauc_mrr_at_3_max": 0.22101,
        "nauc_mrr_at_3_std": 0.113927,
        "nauc_mrr_at_3_diff1": 0.166756,
        "nauc_mrr_at_5_max": 0.209346,
        "nauc_mrr_at_5_std": 0.118575,
        "nauc_mrr_at_5_diff1": 0.146126,
        "nauc_mrr_at_10_max": 0.201529,
        "nauc_mrr_at_10_std": 0.121751,
        "nauc_mrr_at_10_diff1": 0.137462,
        "nauc_mrr_at_20_max": 0.197277,
        "nauc_mrr_at_20_std": 0.12233,
        "nauc_mrr_at_20_diff1": 0.129392,
        "nauc_mrr_at_100_max": 0.197481,
        "nauc_mrr_at_100_std": 0.125807,
        "nauc_mrr_at_100_diff1": 0.127775,
        "nauc_mrr_at_1000_max": 0.198086,
        "nauc_mrr_at_1000_std": 0.126152,
        "nauc_mrr_at_1000_diff1": 0.128518,
        "main_score": 0.08067,
        "hf_subset": "default",
        "languages": [
          "tur-Latn"
        ]
      }
    ]
  },
  "evaluation_time": 72.66066408157349,
  "kg_co2_emissions": null
}