{
  "dataset_revision": "main",
  "task_name": "TQuadRetrieval",
  "mteb_version": "1.31.3",
  "scores": {
    "test": [
      {
        "ndcg_at_1": 0.16031,
        "ndcg_at_3": 0.23127,
        "ndcg_at_5": 0.26364,
        "ndcg_at_10": 0.29968,
        "ndcg_at_20": 0.32784,
        "ndcg_at_100": 0.37844,
        "ndcg_at_1000": 0.39752,
        "map_at_1": 0.16031,
        "map_at_3": 0.21394,
        "map_at_5": 0.23165,
        "map_at_10": 0.24662,
        "map_at_20": 0.25425,
        "map_at_100": 0.26101,
        "map_at_1000": 0.26193,
        "recall_at_1": 0.16031,
        "recall_at_3": 0.28139,
        "recall_at_5": 0.36099,
        "recall_at_10": 0.47197,
        "recall_at_20": 0.58408,
        "recall_at_100": 0.86099,
        "recall_at_1000": 1.0,
        "precision_at_1": 0.16031,
        "precision_at_3": 0.0938,
        "precision_at_5": 0.0722,
        "precision_at_10": 0.0472,
        "precision_at_20": 0.0292,
        "precision_at_100": 0.00861,
        "precision_at_1000": 0.001,
        "mrr_at_1": 0.160314,
        "mrr_at_3": 0.213939,
        "mrr_at_5": 0.231652,
        "mrr_at_10": 0.246602,
        "mrr_at_20": 0.25424,
        "mrr_at_100": 0.261003,
        "mrr_at_1000": 0.261921,
        "nauc_ndcg_at_1_max": 0.26326,
        "nauc_ndcg_at_1_std": 0.118192,
        "nauc_ndcg_at_1_diff1": 0.382876,
        "nauc_ndcg_at_3_max": 0.242921,
        "nauc_ndcg_at_3_std": 0.112869,
        "nauc_ndcg_at_3_diff1": 0.293933,
        "nauc_ndcg_at_5_max": 0.24035,
        "nauc_ndcg_at_5_std": 0.108251,
        "nauc_ndcg_at_5_diff1": 0.280406,
        "nauc_ndcg_at_10_max": 0.255191,
        "nauc_ndcg_at_10_std": 0.129043,
        "nauc_ndcg_at_10_diff1": 0.269388,
        "nauc_ndcg_at_20_max": 0.255495,
        "nauc_ndcg_at_20_std": 0.137235,
        "nauc_ndcg_at_20_diff1": 0.265174,
        "nauc_ndcg_at_100_max": 0.25482,
        "nauc_ndcg_at_100_std": 0.134803,
        "nauc_ndcg_at_100_diff1": 0.280388,
        "nauc_ndcg_at_1000_max": 0.253165,
        "nauc_ndcg_at_1000_std": 0.130324,
        "nauc_ndcg_at_1000_diff1": 0.285202,
        "nauc_map_at_1_max": 0.26326,
        "nauc_map_at_1_std": 0.118192,
        "nauc_map_at_1_diff1": 0.382876,
        "nauc_map_at_3_max": 0.24775,
        "nauc_map_at_3_std": 0.113524,
        "nauc_map_at_3_diff1": 0.313157,
        "nauc_map_at_5_max": 0.246237,
        "nauc_map_at_5_std": 0.11132,
        "nauc_map_at_5_diff1": 0.304606,
        "nauc_map_at_10_max": 0.253567,
        "nauc_map_at_10_std": 0.121144,
        "nauc_map_at_10_diff1": 0.299124,
        "nauc_map_at_20_max": 0.253346,
        "nauc_map_at_20_std": 0.122808,
        "nauc_map_at_20_diff1": 0.297898,
        "nauc_map_at_100_max": 0.253075,
        "nauc_map_at_100_std": 0.123594,
        "nauc_map_at_100_diff1": 0.299891,
        "nauc_map_at_1000_max": 0.252965,
        "nauc_map_at_1000_std": 0.123336,
        "nauc_map_at_1000_diff1": 0.300218,
        "nauc_recall_at_1_max": 0.26326,
        "nauc_recall_at_1_std": 0.118192,
        "nauc_recall_at_1_diff1": 0.382876,
        "nauc_recall_at_3_max": 0.230823,
        "nauc_recall_at_3_std": 0.111412,
        "nauc_recall_at_3_diff1": 0.246342,
        "nauc_recall_at_5_max": 0.225894,
        "nauc_recall_at_5_std": 0.100087,
        "nauc_recall_at_5_diff1": 0.221828,
        "nauc_recall_at_10_max": 0.26184,
        "nauc_recall_at_10_std": 0.152338,
        "nauc_recall_at_10_diff1": 0.194998,
        "nauc_recall_at_20_max": 0.265554,
        "nauc_recall_at_20_std": 0.189011,
        "nauc_recall_at_20_diff1": 0.173408,
        "nauc_recall_at_100_max": 0.27496,
        "nauc_recall_at_100_std": 0.192786,
        "nauc_recall_at_100_diff1": 0.220906,
        "nauc_recall_at_1000_max": NaN,
        "nauc_recall_at_1000_std": NaN,
        "nauc_recall_at_1000_diff1": NaN,
        "nauc_precision_at_1_max": 0.26326,
        "nauc_precision_at_1_std": 0.118192,
        "nauc_precision_at_1_diff1": 0.382876,
        "nauc_precision_at_3_max": 0.230823,
        "nauc_precision_at_3_std": 0.111412,
        "nauc_precision_at_3_diff1": 0.246342,
        "nauc_precision_at_5_max": 0.225894,
        "nauc_precision_at_5_std": 0.100087,
        "nauc_precision_at_5_diff1": 0.221828,
        "nauc_precision_at_10_max": 0.26184,
        "nauc_precision_at_10_std": 0.152338,
        "nauc_precision_at_10_diff1": 0.194998,
        "nauc_precision_at_20_max": 0.265554,
        "nauc_precision_at_20_std": 0.189011,
        "nauc_precision_at_20_diff1": 0.173408,
        "nauc_precision_at_100_max": 0.27496,
        "nauc_precision_at_100_std": 0.192786,
        "nauc_precision_at_100_diff1": 0.220906,
        "nauc_precision_at_1000_max": NaN,
        "nauc_precision_at_1000_std": NaN,
        "nauc_precision_at_1000_diff1": NaN,
        "nauc_mrr_at_1_max": 0.26326,
        "nauc_mrr_at_1_std": 0.118192,
        "nauc_mrr_at_1_diff1": 0.382876,
        "nauc_mrr_at_3_max": 0.24775,
        "nauc_mrr_at_3_std": 0.113524,
        "nauc_mrr_at_3_diff1": 0.313157,
        "nauc_mrr_at_5_max": 0.246237,
        "nauc_mrr_at_5_std": 0.11132,
        "nauc_mrr_at_5_diff1": 0.304606,
        "nauc_mrr_at_10_max": 0.253612,
        "nauc_mrr_at_10_std": 0.121134,
        "nauc_mrr_at_10_diff1": 0.299176,
        "nauc_mrr_at_20_max": 0.253369,
        "nauc_mrr_at_20_std": 0.122786,
        "nauc_mrr_at_20_diff1": 0.29795,
        "nauc_mrr_at_100_max": 0.253104,
        "nauc_mrr_at_100_std": 0.12357,
        "nauc_mrr_at_100_diff1": 0.299944,
        "nauc_mrr_at_1000_max": 0.252993,
        "nauc_mrr_at_1000_std": 0.123312,
        "nauc_mrr_at_1000_diff1": 0.300271,
        "main_score": 0.29968,
        "hf_subset": "default",
        "languages": [
          "tur-Latn"
        ]
      }
    ]
  },
  "evaluation_time": 13.785758972167969,
  "kg_co2_emissions": null
}