{
  "dataset_revision": "51adfef1c1287aab1d2d91b5bead9bcfb9c68583",
  "task_name": "XQuADRetrieval",
  "mteb_version": "1.31.3",
  "scores": {
    "validation": [
      {
        "ndcg_at_1": 0.12162,
        "ndcg_at_3": 0.17504,
        "ndcg_at_5": 0.20092,
        "ndcg_at_10": 0.23155,
        "ndcg_at_20": 0.26359,
        "ndcg_at_100": 0.32376,
        "ndcg_at_1000": 0.34708,
        "map_at_1": 0.12162,
        "map_at_3": 0.16146,
        "map_at_5": 0.17569,
        "map_at_10": 0.18836,
        "map_at_20": 0.19717,
        "map_at_100": 0.20496,
        "map_at_1000": 0.2061,
        "recall_at_1": 0.12162,
        "recall_at_3": 0.21453,
        "recall_at_5": 0.27787,
        "recall_at_10": 0.37247,
        "recall_at_20": 0.49916,
        "recall_at_100": 0.83108,
        "recall_at_1000": 1.0,
        "precision_at_1": 0.12162,
        "precision_at_3": 0.07151,
        "precision_at_5": 0.05557,
        "precision_at_10": 0.03725,
        "precision_at_20": 0.02496,
        "precision_at_100": 0.00831,
        "precision_at_1000": 0.001,
        "mrr_at_1": 0.121622,
        "mrr_at_3": 0.161458,
        "mrr_at_5": 0.17569,
        "mrr_at_10": 0.188365,
        "mrr_at_20": 0.197171,
        "mrr_at_100": 0.204957,
        "mrr_at_1000": 0.206103,
        "nauc_ndcg_at_1_max": 0.180812,
        "nauc_ndcg_at_1_std": 0.085309,
        "nauc_ndcg_at_1_diff1": 0.306471,
        "nauc_ndcg_at_3_max": 0.13528,
        "nauc_ndcg_at_3_std": 0.083051,
        "nauc_ndcg_at_3_diff1": 0.230342,
        "nauc_ndcg_at_5_max": 0.124297,
        "nauc_ndcg_at_5_std": 0.092896,
        "nauc_ndcg_at_5_diff1": 0.224852,
        "nauc_ndcg_at_10_max": 0.11978,
        "nauc_ndcg_at_10_std": 0.112857,
        "nauc_ndcg_at_10_diff1": 0.212877,
        "nauc_ndcg_at_20_max": 0.13875,
        "nauc_ndcg_at_20_std": 0.119919,
        "nauc_ndcg_at_20_diff1": 0.202546,
        "nauc_ndcg_at_100_max": 0.140529,
        "nauc_ndcg_at_100_std": 0.121853,
        "nauc_ndcg_at_100_diff1": 0.208104,
        "nauc_ndcg_at_1000_max": 0.140525,
        "nauc_ndcg_at_1000_std": 0.110029,
        "nauc_ndcg_at_1000_diff1": 0.219359,
        "nauc_map_at_1_max": 0.180812,
        "nauc_map_at_1_std": 0.085309,
        "nauc_map_at_1_diff1": 0.306471,
        "nauc_map_at_3_max": 0.145985,
        "nauc_map_at_3_std": 0.082152,
        "nauc_map_at_3_diff1": 0.245781,
        "nauc_map_at_5_max": 0.139476,
        "nauc_map_at_5_std": 0.088171,
        "nauc_map_at_5_diff1": 0.242169,
        "nauc_map_at_10_max": 0.137346,
        "nauc_map_at_10_std": 0.097493,
        "nauc_map_at_10_diff1": 0.236534,
        "nauc_map_at_20_max": 0.142814,
        "nauc_map_at_20_std": 0.09986,
        "nauc_map_at_20_diff1": 0.233321,
        "nauc_map_at_100_max": 0.143962,
        "nauc_map_at_100_std": 0.100198,
        "nauc_map_at_100_diff1": 0.234009,
        "nauc_map_at_1000_max": 0.143891,
        "nauc_map_at_1000_std": 0.099606,
        "nauc_map_at_1000_diff1": 0.23462,
        "nauc_recall_at_1_max": 0.180812,
        "nauc_recall_at_1_std": 0.085309,
        "nauc_recall_at_1_diff1": 0.306471,
        "nauc_recall_at_3_max": 0.109589,
        "nauc_recall_at_3_std": 0.085612,
        "nauc_recall_at_3_diff1": 0.193984,
        "nauc_recall_at_5_max": 0.08931,
        "nauc_recall_at_5_std": 0.10454,
        "nauc_recall_at_5_diff1": 0.186475,
        "nauc_recall_at_10_max": 0.080292,
        "nauc_recall_at_10_std": 0.15114,
        "nauc_recall_at_10_diff1": 0.160007,
        "nauc_recall_at_20_max": 0.14031,
        "nauc_recall_at_20_std": 0.172662,
        "nauc_recall_at_20_diff1": 0.127219,
        "nauc_recall_at_100_max": 0.135481,
        "nauc_recall_at_100_std": 0.241857,
        "nauc_recall_at_100_diff1": 0.095659,
        "nauc_recall_at_1000_max": NaN,
        "nauc_recall_at_1000_std": NaN,
        "nauc_recall_at_1000_diff1": NaN,
        "nauc_precision_at_1_max": 0.180812,
        "nauc_precision_at_1_std": 0.085309,
        "nauc_precision_at_1_diff1": 0.306471,
        "nauc_precision_at_3_max": 0.109589,
        "nauc_precision_at_3_std": 0.085612,
        "nauc_precision_at_3_diff1": 0.193984,
        "nauc_precision_at_5_max": 0.08931,
        "nauc_precision_at_5_std": 0.10454,
        "nauc_precision_at_5_diff1": 0.186475,
        "nauc_precision_at_10_max": 0.080292,
        "nauc_precision_at_10_std": 0.15114,
        "nauc_precision_at_10_diff1": 0.160007,
        "nauc_precision_at_20_max": 0.14031,
        "nauc_precision_at_20_std": 0.172662,
        "nauc_precision_at_20_diff1": 0.127219,
        "nauc_precision_at_100_max": 0.135481,
        "nauc_precision_at_100_std": 0.241857,
        "nauc_precision_at_100_diff1": 0.095659,
        "nauc_precision_at_1000_max": 1.0,
        "nauc_precision_at_1000_std": 1.0,
        "nauc_precision_at_1000_diff1": 1.0,
        "nauc_mrr_at_1_max": 0.180812,
        "nauc_mrr_at_1_std": 0.085309,
        "nauc_mrr_at_1_diff1": 0.306471,
        "nauc_mrr_at_3_max": 0.145985,
        "nauc_mrr_at_3_std": 0.082152,
        "nauc_mrr_at_3_diff1": 0.245781,
        "nauc_mrr_at_5_max": 0.139476,
        "nauc_mrr_at_5_std": 0.088171,
        "nauc_mrr_at_5_diff1": 0.242169,
        "nauc_mrr_at_10_max": 0.137346,
        "nauc_mrr_at_10_std": 0.097493,
        "nauc_mrr_at_10_diff1": 0.236534,
        "nauc_mrr_at_20_max": 0.142814,
        "nauc_mrr_at_20_std": 0.09986,
        "nauc_mrr_at_20_diff1": 0.233321,
        "nauc_mrr_at_100_max": 0.143962,
        "nauc_mrr_at_100_std": 0.100198,
        "nauc_mrr_at_100_diff1": 0.234009,
        "nauc_mrr_at_1000_max": 0.143891,
        "nauc_mrr_at_1000_std": 0.099606,
        "nauc_mrr_at_1000_diff1": 0.23462,
        "main_score": 0.23155,
        "hf_subset": "tr",
        "languages": [
          "tur-Latn"
        ]
      }
    ]
  },
  "evaluation_time": 10.558326959609985,
  "kg_co2_emissions": null
}